seed,image_path,y_true,y_prob,dataset
55,D:\Dineth\focus_binary_benchmark\dataset\bma\focused\pos000_1\pos000_1_page_8.png,1,0.7882862091064453,bma
55,D:\Dineth\focus_binary_benchmark\dataset\bma\focused\pos001_1\pos001_1_page_2.png,1,0.3957687020301819,bma
55,D:\Dineth\focus_binary_benchmark\dataset\bma\focused\pos002_1\pos002_1_page_2.png,1,0.5006998777389526,bma
55,D:\Dineth\focus_binary_benchmark\dataset\bma\focused\pos007_3\pos007_3_page_10.png,1,0.7285031676292419,bma
55,D:\Dineth\focus_binary_benchmark\dataset\bma\focused\pos008_3\pos008_3_page_6.png,1,0.7889208793640137,bma
55,D:\Dineth\focus_binary_benchmark\dataset\bma\unfocused\pos000_1\pos000_1_page_1.png,0,0.10931564122438431,bma
55,D:\Dineth\focus_binary_benchmark\dataset\bma\unfocused\pos000_1\pos000_1_page_10.png,0,0.45904016494750977,bma
55,D:\Dineth\focus_binary_benchmark\dataset\bma\unfocused\pos000_1\pos000_1_page_11.png,0,0.40806013345718384,bma
55,D:\Dineth\focus_binary_benchmark\dataset\bma\unfocused\pos000_1\pos000_1_page_12.png,0,0.4416161775588989,bma
55,D:\Dineth\focus_binary_benchmark\dataset\bma\unfocused\pos000_1\pos000_1_page_13.png,0,0.4775753319263458,bma
55,D:\Dineth\focus_binary_benchmark\dataset\bma\unfocused\pos000_1\pos000_1_page_14.png,0,0.29894939064979553,bma
55,D:\Dineth\focus_binary_benchmark\dataset\bma\unfocused\pos000_1\pos000_1_page_2.png,0,0.48063191771507263,bma
55,D:\Dineth\focus_binary_benchmark\dataset\bma\unfocused\pos000_1\pos000_1_page_3.png,0,0.47091782093048096,bma
55,D:\Dineth\focus_binary_benchmark\dataset\bma\unfocused\pos000_1\pos000_1_page_4.png,0,0.44715023040771484,bma
55,D:\Dineth\focus_binary_benchmark\dataset\bma\unfocused\pos000_1\pos000_1_page_5.png,0,0.42061614990234375,bma
55,D:\Dineth\focus_binary_benchmark\dataset\bma\unfocused\pos000_1\pos000_1_page_6.png,0,0.44599828124046326,bma
55,D:\Dineth\focus_binary_benchmark\dataset\bma\unfocused\pos001_1\pos001_1_page_1.png,0,0.07019250839948654,bma
55,D:\Dineth\focus_binary_benchmark\dataset\bma\unfocused\pos001_1\pos001_1_page_10.png,0,0.2944033443927765,bma
55,D:\Dineth\focus_binary_benchmark\dataset\bma\unfocused\pos001_1\pos001_1_page_11.png,0,0.11521948128938675,bma
55,D:\Dineth\focus_binary_benchmark\dataset\bma\unfocused\pos001_1\pos001_1_page_12.png,0,0.08471352607011795,bma
55,D:\Dineth\focus_binary_benchmark\dataset\bma\unfocused\pos001_1\pos001_1_page_13.png,0,0.0721500962972641,bma
55,D:\Dineth\focus_binary_benchmark\dataset\bma\unfocused\pos001_1\pos001_1_page_4.png,0,0.3957878351211548,bma
55,D:\Dineth\focus_binary_benchmark\dataset\bma\unfocused\pos001_1\pos001_1_page_5.png,0,0.39273741841316223,bma
55,D:\Dineth\focus_binary_benchmark\dataset\bma\unfocused\pos001_1\pos001_1_page_6.png,0,0.39721113443374634,bma
55,D:\Dineth\focus_binary_benchmark\dataset\bma\unfocused\pos001_1\pos001_1_page_7.png,0,0.42180269956588745,bma
55,D:\Dineth\focus_binary_benchmark\dataset\bma\unfocused\pos001_1\pos001_1_page_8.png,0,0.4548097848892212,bma
55,D:\Dineth\focus_binary_benchmark\dataset\bma\unfocused\pos001_1\pos001_1_page_9.png,0,0.4824802279472351,bma
55,D:\Dineth\focus_binary_benchmark\dataset\bma\unfocused\pos002_1\pos002_1_page_1.png,0,0.06623052060604095,bma
55,D:\Dineth\focus_binary_benchmark\dataset\bma\unfocused\pos002_1\pos002_1_page_10.png,0,0.38691672682762146,bma
55,D:\Dineth\focus_binary_benchmark\dataset\bma\unfocused\pos002_1\pos002_1_page_11.png,0,0.12148754298686981,bma
55,D:\Dineth\focus_binary_benchmark\dataset\bma\unfocused\pos002_1\pos002_1_page_12.png,0,0.08636961877346039,bma
55,D:\Dineth\focus_binary_benchmark\dataset\bma\unfocused\pos002_1\pos002_1_page_13.png,0,0.07374449074268341,bma
55,D:\Dineth\focus_binary_benchmark\dataset\bma\unfocused\pos002_1\pos002_1_page_4.png,0,0.4784517288208008,bma
55,D:\Dineth\focus_binary_benchmark\dataset\bma\unfocused\pos002_1\pos002_1_page_5.png,0,0.4375811219215393,bma
55,D:\Dineth\focus_binary_benchmark\dataset\bma\unfocused\pos002_1\pos002_1_page_6.png,0,0.38686585426330566,bma
55,D:\Dineth\focus_binary_benchmark\dataset\bma\unfocused\pos002_1\pos002_1_page_7.png,0,0.38782596588134766,bma
55,D:\Dineth\focus_binary_benchmark\dataset\bma\unfocused\pos002_1\pos002_1_page_8.png,0,0.4288007616996765,bma
55,D:\Dineth\focus_binary_benchmark\dataset\bma\unfocused\pos002_1\pos002_1_page_9.png,0,0.4724588096141815,bma
55,D:\Dineth\focus_binary_benchmark\dataset\bma\unfocused\pos007_3\pos007_3_page_12.png,0,0.4336228370666504,bma
55,D:\Dineth\focus_binary_benchmark\dataset\bma\unfocused\pos007_3\pos007_3_page_13.png,0,0.4642181694507599,bma
55,D:\Dineth\focus_binary_benchmark\dataset\bma\unfocused\pos007_3\pos007_3_page_14.png,0,0.4117772877216339,bma
55,D:\Dineth\focus_binary_benchmark\dataset\bma\unfocused\pos007_3\pos007_3_page_2.png,0,0.09304459393024445,bma
55,D:\Dineth\focus_binary_benchmark\dataset\bma\unfocused\pos007_3\pos007_3_page_3.png,0,0.13146327435970306,bma
55,D:\Dineth\focus_binary_benchmark\dataset\bma\unfocused\pos007_3\pos007_3_page_4.png,0,0.30283886194229126,bma
55,D:\Dineth\focus_binary_benchmark\dataset\bma\unfocused\pos007_3\pos007_3_page_5.png,0,0.4813256561756134,bma
55,D:\Dineth\focus_binary_benchmark\dataset\bma\unfocused\pos007_3\pos007_3_page_6.png,0,0.45478716492652893,bma
55,D:\Dineth\focus_binary_benchmark\dataset\bma\unfocused\pos007_3\pos007_3_page_7.png,0,0.4583908021450043,bma
55,D:\Dineth\focus_binary_benchmark\dataset\bma\unfocused\pos007_3\pos007_3_page_8.png,0,0.5977717638015747,bma
55,D:\Dineth\focus_binary_benchmark\dataset\bma\unfocused\pos007_3\pos007_3_page_9.png,0,0.7881211638450623,bma
55,D:\Dineth\focus_binary_benchmark\dataset\bma\unfocused\pos008_3\pos008_3_page_1.png,0,0.05966055765748024,bma
55,D:\Dineth\focus_binary_benchmark\dataset\bma\unfocused\pos008_3\pos008_3_page_10.png,0,0.38737618923187256,bma
55,D:\Dineth\focus_binary_benchmark\dataset\bma\unfocused\pos008_3\pos008_3_page_11.png,0,0.11667227745056152,bma
55,D:\Dineth\focus_binary_benchmark\dataset\bma\unfocused\pos008_3\pos008_3_page_12.png,0,0.07603976130485535,bma
55,D:\Dineth\focus_binary_benchmark\dataset\bma\unfocused\pos008_3\pos008_3_page_13.png,0,0.06377782672643661,bma
55,D:\Dineth\focus_binary_benchmark\dataset\bma\unfocused\pos008_3\pos008_3_page_14.png,0,0.059331014752388,bma
55,D:\Dineth\focus_binary_benchmark\dataset\bma\unfocused\pos008_3\pos008_3_page_2.png,0,0.4983373284339905,bma
55,D:\Dineth\focus_binary_benchmark\dataset\bma\unfocused\pos008_3\pos008_3_page_3.png,0,0.49988001585006714,bma
55,D:\Dineth\focus_binary_benchmark\dataset\bma\unfocused\pos008_3\pos008_3_page_4.png,0,0.5488589406013489,bma
55,D:\Dineth\focus_binary_benchmark\dataset\bma\unfocused\pos008_3\pos008_3_page_8.png,0,0.5253928899765015,bma
55,D:\Dineth\focus_binary_benchmark\dataset\bma\unfocused\pos008_3\pos008_3_page_9.png,0,0.48681342601776123,bma
55,D:\Dineth\focus_binary_benchmark\dataset\pbs_imgs\focused\FieldPos206_Cam01_RGB_MB\FieldPos206_Cam01_RGB_MB_page_6.png,1,0.7413554191589355,pbs_imgs
55,D:\Dineth\focus_binary_benchmark\dataset\pbs_imgs\focused\FieldPos207_Cam01_RGB_MB\FieldPos207_Cam01_RGB_MB_page_7.png,1,0.5286151170730591,pbs_imgs
55,D:\Dineth\focus_binary_benchmark\dataset\pbs_imgs\focused\FieldPos227_Cam01_RGB_MB\FieldPos227_Cam01_RGB_MB_page_2.png,1,0.5866652131080627,pbs_imgs
55,D:\Dineth\focus_binary_benchmark\dataset\pbs_imgs\focused\FieldPos301_Cam01_RGB_MB\FieldPos301_Cam01_RGB_MB_page_10.png,1,0.6237403154373169,pbs_imgs
55,D:\Dineth\focus_binary_benchmark\dataset\pbs_imgs\focused\FieldPos363_Cam01_RGB_MB\FieldPos363_Cam01_RGB_MB_page_4.png,1,0.5649017095565796,pbs_imgs
55,D:\Dineth\focus_binary_benchmark\dataset\pbs_imgs\focused\FieldPos385_Cam01_RGB_MB\FieldPos385_Cam01_RGB_MB_page_8.png,1,0.5293557643890381,pbs_imgs
55,D:\Dineth\focus_binary_benchmark\dataset\pbs_imgs\focused\FieldPos395_Cam01_RGB_MB\FieldPos395_Cam01_RGB_MB_page_3.png,1,0.5788952112197876,pbs_imgs
55,D:\Dineth\focus_binary_benchmark\dataset\pbs_imgs\focused\FieldPos432_Cam01_RGB_MB\FieldPos432_Cam01_RGB_MB_page_8.png,1,0.21280601620674133,pbs_imgs
55,D:\Dineth\focus_binary_benchmark\dataset\pbs_imgs\focused\FieldPos445_Cam01_RGB_MB\FieldPos445_Cam01_RGB_MB_page_15.png,1,0.08418416976928711,pbs_imgs
55,D:\Dineth\focus_binary_benchmark\dataset\pbs_imgs\focused\FieldPos448_Cam01_RGB_MB\FieldPos448_Cam01_RGB_MB_page_8.png,1,0.38646361231803894,pbs_imgs
55,D:\Dineth\focus_binary_benchmark\dataset\pbs_imgs\focused\FieldPos470_Cam01_RGB_MB\FieldPos470_Cam01_RGB_MB_page_8.png,1,0.5482244491577148,pbs_imgs
55,D:\Dineth\focus_binary_benchmark\dataset\pbs_imgs\unfocused\FieldPos206_Cam01_RGB_MB\FieldPos206_Cam01_RGB_MB_page_1.png,0,0.18696391582489014,pbs_imgs
55,D:\Dineth\focus_binary_benchmark\dataset\pbs_imgs\unfocused\FieldPos206_Cam01_RGB_MB\FieldPos206_Cam01_RGB_MB_page_2.png,0,0.24206726253032684,pbs_imgs
55,D:\Dineth\focus_binary_benchmark\dataset\pbs_imgs\unfocused\FieldPos206_Cam01_RGB_MB\FieldPos206_Cam01_RGB_MB_page_3.png,0,0.45285212993621826,pbs_imgs
55,D:\Dineth\focus_binary_benchmark\dataset\pbs_imgs\unfocused\FieldPos206_Cam01_RGB_MB\FieldPos206_Cam01_RGB_MB_page_4.png,0,0.6279188990592957,pbs_imgs
55,D:\Dineth\focus_binary_benchmark\dataset\pbs_imgs\unfocused\FieldPos206_Cam01_RGB_MB\FieldPos206_Cam01_RGB_MB_page_8.png,0,0.6065373420715332,pbs_imgs
55,D:\Dineth\focus_binary_benchmark\dataset\pbs_imgs\unfocused\FieldPos206_Cam01_RGB_MB\FieldPos206_Cam01_RGB_MB_page_9.png,0,0.5648204684257507,pbs_imgs
55,D:\Dineth\focus_binary_benchmark\dataset\pbs_imgs\unfocused\FieldPos207_Cam01_RGB_MB\FieldPos207_Cam01_RGB_MB_page_1.png,0,0.5818133354187012,pbs_imgs
55,D:\Dineth\focus_binary_benchmark\dataset\pbs_imgs\unfocused\FieldPos207_Cam01_RGB_MB\FieldPos207_Cam01_RGB_MB_page_2.png,0,0.6330133676528931,pbs_imgs
55,D:\Dineth\focus_binary_benchmark\dataset\pbs_imgs\unfocused\FieldPos207_Cam01_RGB_MB\FieldPos207_Cam01_RGB_MB_page_3.png,0,0.685535728931427,pbs_imgs
55,D:\Dineth\focus_binary_benchmark\dataset\pbs_imgs\unfocused\FieldPos207_Cam01_RGB_MB\FieldPos207_Cam01_RGB_MB_page_4.png,0,0.7210171222686768,pbs_imgs
55,D:\Dineth\focus_binary_benchmark\dataset\pbs_imgs\unfocused\FieldPos207_Cam01_RGB_MB\FieldPos207_Cam01_RGB_MB_page_5.png,0,0.6874896287918091,pbs_imgs
55,D:\Dineth\focus_binary_benchmark\dataset\pbs_imgs\unfocused\FieldPos207_Cam01_RGB_MB\FieldPos207_Cam01_RGB_MB_page_9.png,0,0.534930944442749,pbs_imgs
55,D:\Dineth\focus_binary_benchmark\dataset\pbs_imgs\unfocused\FieldPos227_Cam01_RGB_MB\FieldPos227_Cam01_RGB_MB_page_4.png,0,0.6456245183944702,pbs_imgs
55,D:\Dineth\focus_binary_benchmark\dataset\pbs_imgs\unfocused\FieldPos227_Cam01_RGB_MB\FieldPos227_Cam01_RGB_MB_page_5.png,0,0.7452995181083679,pbs_imgs
55,D:\Dineth\focus_binary_benchmark\dataset\pbs_imgs\unfocused\FieldPos227_Cam01_RGB_MB\FieldPos227_Cam01_RGB_MB_page_6.png,0,0.6724989414215088,pbs_imgs
55,D:\Dineth\focus_binary_benchmark\dataset\pbs_imgs\unfocused\FieldPos227_Cam01_RGB_MB\FieldPos227_Cam01_RGB_MB_page_7.png,0,0.6087843179702759,pbs_imgs
55,D:\Dineth\focus_binary_benchmark\dataset\pbs_imgs\unfocused\FieldPos227_Cam01_RGB_MB\FieldPos227_Cam01_RGB_MB_page_8.png,0,0.5754322409629822,pbs_imgs
55,D:\Dineth\focus_binary_benchmark\dataset\pbs_imgs\unfocused\FieldPos227_Cam01_RGB_MB\FieldPos227_Cam01_RGB_MB_page_9.png,0,0.5612448453903198,pbs_imgs
55,D:\Dineth\focus_binary_benchmark\dataset\pbs_imgs\unfocused\FieldPos301_Cam01_RGB_MB\FieldPos301_Cam01_RGB_MB_page_12.png,0,0.5137266516685486,pbs_imgs
55,D:\Dineth\focus_binary_benchmark\dataset\pbs_imgs\unfocused\FieldPos301_Cam01_RGB_MB\FieldPos301_Cam01_RGB_MB_page_13.png,0,0.21442052721977234,pbs_imgs
55,D:\Dineth\focus_binary_benchmark\dataset\pbs_imgs\unfocused\FieldPos301_Cam01_RGB_MB\FieldPos301_Cam01_RGB_MB_page_14.png,0,0.1075916737318039,pbs_imgs
55,D:\Dineth\focus_binary_benchmark\dataset\pbs_imgs\unfocused\FieldPos301_Cam01_RGB_MB\FieldPos301_Cam01_RGB_MB_page_15.png,0,0.08437050879001617,pbs_imgs
55,D:\Dineth\focus_binary_benchmark\dataset\pbs_imgs\unfocused\FieldPos301_Cam01_RGB_MB\FieldPos301_Cam01_RGB_MB_page_2.png,0,0.07543560862541199,pbs_imgs
55,D:\Dineth\focus_binary_benchmark\dataset\pbs_imgs\unfocused\FieldPos301_Cam01_RGB_MB\FieldPos301_Cam01_RGB_MB_page_3.png,0,0.07972010970115662,pbs_imgs
55,D:\Dineth\focus_binary_benchmark\dataset\pbs_imgs\unfocused\FieldPos301_Cam01_RGB_MB\FieldPos301_Cam01_RGB_MB_page_4.png,0,0.0888388603925705,pbs_imgs
55,D:\Dineth\focus_binary_benchmark\dataset\pbs_imgs\unfocused\FieldPos301_Cam01_RGB_MB\FieldPos301_Cam01_RGB_MB_page_5.png,0,0.12829874455928802,pbs_imgs
55,D:\Dineth\focus_binary_benchmark\dataset\pbs_imgs\unfocused\FieldPos301_Cam01_RGB_MB\FieldPos301_Cam01_RGB_MB_page_6.png,0,0.18261215090751648,pbs_imgs
55,D:\Dineth\focus_binary_benchmark\dataset\pbs_imgs\unfocused\FieldPos301_Cam01_RGB_MB\FieldPos301_Cam01_RGB_MB_page_7.png,0,0.5095264911651611,pbs_imgs
55,D:\Dineth\focus_binary_benchmark\dataset\pbs_imgs\unfocused\FieldPos301_Cam01_RGB_MB\FieldPos301_Cam01_RGB_MB_page_8.png,0,0.5340587496757507,pbs_imgs
55,D:\Dineth\focus_binary_benchmark\dataset\pbs_imgs\unfocused\FieldPos301_Cam01_RGB_MB\FieldPos301_Cam01_RGB_MB_page_9.png,0,0.6194096803665161,pbs_imgs
55,D:\Dineth\focus_binary_benchmark\dataset\pbs_imgs\unfocused\FieldPos363_Cam01_RGB_MB\FieldPos363_Cam01_RGB_MB_page_1.png,0,0.4964626729488373,pbs_imgs
55,D:\Dineth\focus_binary_benchmark\dataset\pbs_imgs\unfocused\FieldPos363_Cam01_RGB_MB\FieldPos363_Cam01_RGB_MB_page_10.png,0,0.10393934696912766,pbs_imgs
55,D:\Dineth\focus_binary_benchmark\dataset\pbs_imgs\unfocused\FieldPos363_Cam01_RGB_MB\FieldPos363_Cam01_RGB_MB_page_11.png,0,0.09007648378610611,pbs_imgs
55,D:\Dineth\focus_binary_benchmark\dataset\pbs_imgs\unfocused\FieldPos363_Cam01_RGB_MB\FieldPos363_Cam01_RGB_MB_page_12.png,0,0.08340305835008621,pbs_imgs
55,D:\Dineth\focus_binary_benchmark\dataset\pbs_imgs\unfocused\FieldPos363_Cam01_RGB_MB\FieldPos363_Cam01_RGB_MB_page_13.png,0,0.08075655996799469,pbs_imgs
55,D:\Dineth\focus_binary_benchmark\dataset\pbs_imgs\unfocused\FieldPos363_Cam01_RGB_MB\FieldPos363_Cam01_RGB_MB_page_14.png,0,0.08035728335380554,pbs_imgs
55,D:\Dineth\focus_binary_benchmark\dataset\pbs_imgs\unfocused\FieldPos363_Cam01_RGB_MB\FieldPos363_Cam01_RGB_MB_page_15.png,0,0.07703603804111481,pbs_imgs
55,D:\Dineth\focus_binary_benchmark\dataset\pbs_imgs\unfocused\FieldPos363_Cam01_RGB_MB\FieldPos363_Cam01_RGB_MB_page_2.png,0,0.5122572183609009,pbs_imgs
55,D:\Dineth\focus_binary_benchmark\dataset\pbs_imgs\unfocused\FieldPos363_Cam01_RGB_MB\FieldPos363_Cam01_RGB_MB_page_6.png,0,0.4553816318511963,pbs_imgs
55,D:\Dineth\focus_binary_benchmark\dataset\pbs_imgs\unfocused\FieldPos363_Cam01_RGB_MB\FieldPos363_Cam01_RGB_MB_page_7.png,0,0.4750303626060486,pbs_imgs
55,D:\Dineth\focus_binary_benchmark\dataset\pbs_imgs\unfocused\FieldPos363_Cam01_RGB_MB\FieldPos363_Cam01_RGB_MB_page_8.png,0,0.47330033779144287,pbs_imgs
55,D:\Dineth\focus_binary_benchmark\dataset\pbs_imgs\unfocused\FieldPos363_Cam01_RGB_MB\FieldPos363_Cam01_RGB_MB_page_9.png,0,0.14206252992153168,pbs_imgs
55,D:\Dineth\focus_binary_benchmark\dataset\pbs_imgs\unfocused\FieldPos385_Cam01_RGB_MB\FieldPos385_Cam01_RGB_MB_page_1.png,0,0.08859027922153473,pbs_imgs
55,D:\Dineth\focus_binary_benchmark\dataset\pbs_imgs\unfocused\FieldPos385_Cam01_RGB_MB\FieldPos385_Cam01_RGB_MB_page_10.png,0,0.5267443656921387,pbs_imgs
55,D:\Dineth\focus_binary_benchmark\dataset\pbs_imgs\unfocused\FieldPos385_Cam01_RGB_MB\FieldPos385_Cam01_RGB_MB_page_11.png,0,0.48792386054992676,pbs_imgs
55,D:\Dineth\focus_binary_benchmark\dataset\pbs_imgs\unfocused\FieldPos385_Cam01_RGB_MB\FieldPos385_Cam01_RGB_MB_page_12.png,0,0.40401723980903625,pbs_imgs
55,D:\Dineth\focus_binary_benchmark\dataset\pbs_imgs\unfocused\FieldPos385_Cam01_RGB_MB\FieldPos385_Cam01_RGB_MB_page_13.png,0,0.1621456742286682,pbs_imgs
55,D:\Dineth\focus_binary_benchmark\dataset\pbs_imgs\unfocused\FieldPos385_Cam01_RGB_MB\FieldPos385_Cam01_RGB_MB_page_14.png,0,0.10308147966861725,pbs_imgs
55,D:\Dineth\focus_binary_benchmark\dataset\pbs_imgs\unfocused\FieldPos385_Cam01_RGB_MB\FieldPos385_Cam01_RGB_MB_page_15.png,0,0.0907757431268692,pbs_imgs
55,D:\Dineth\focus_binary_benchmark\dataset\pbs_imgs\unfocused\FieldPos385_Cam01_RGB_MB\FieldPos385_Cam01_RGB_MB_page_2.png,0,0.09783456474542618,pbs_imgs
55,D:\Dineth\focus_binary_benchmark\dataset\pbs_imgs\unfocused\FieldPos385_Cam01_RGB_MB\FieldPos385_Cam01_RGB_MB_page_3.png,0,0.10164200514554977,pbs_imgs
55,D:\Dineth\focus_binary_benchmark\dataset\pbs_imgs\unfocused\FieldPos385_Cam01_RGB_MB\FieldPos385_Cam01_RGB_MB_page_4.png,0,0.11915737390518188,pbs_imgs
55,D:\Dineth\focus_binary_benchmark\dataset\pbs_imgs\unfocused\FieldPos385_Cam01_RGB_MB\FieldPos385_Cam01_RGB_MB_page_5.png,0,0.2466389536857605,pbs_imgs
55,D:\Dineth\focus_binary_benchmark\dataset\pbs_imgs\unfocused\FieldPos385_Cam01_RGB_MB\FieldPos385_Cam01_RGB_MB_page_6.png,0,0.3257950246334076,pbs_imgs
55,D:\Dineth\focus_binary_benchmark\dataset\pbs_imgs\unfocused\FieldPos395_Cam01_RGB_MB\FieldPos395_Cam01_RGB_MB_page_1.png,0,0.5476876497268677,pbs_imgs
55,D:\Dineth\focus_binary_benchmark\dataset\pbs_imgs\unfocused\FieldPos395_Cam01_RGB_MB\FieldPos395_Cam01_RGB_MB_page_10.png,0,0.08031931519508362,pbs_imgs
55,D:\Dineth\focus_binary_benchmark\dataset\pbs_imgs\unfocused\FieldPos395_Cam01_RGB_MB\FieldPos395_Cam01_RGB_MB_page_11.png,0,0.0749606266617775,pbs_imgs
55,D:\Dineth\focus_binary_benchmark\dataset\pbs_imgs\unfocused\FieldPos395_Cam01_RGB_MB\FieldPos395_Cam01_RGB_MB_page_12.png,0,0.07261861115694046,pbs_imgs
55,D:\Dineth\focus_binary_benchmark\dataset\pbs_imgs\unfocused\FieldPos395_Cam01_RGB_MB\FieldPos395_Cam01_RGB_MB_page_13.png,0,0.07194054871797562,pbs_imgs
55,D:\Dineth\focus_binary_benchmark\dataset\pbs_imgs\unfocused\FieldPos395_Cam01_RGB_MB\FieldPos395_Cam01_RGB_MB_page_14.png,0,0.07108531892299652,pbs_imgs
55,D:\Dineth\focus_binary_benchmark\dataset\pbs_imgs\unfocused\FieldPos395_Cam01_RGB_MB\FieldPos395_Cam01_RGB_MB_page_15.png,0,0.07192152738571167,pbs_imgs
55,D:\Dineth\focus_binary_benchmark\dataset\pbs_imgs\unfocused\FieldPos395_Cam01_RGB_MB\FieldPos395_Cam01_RGB_MB_page_5.png,0,0.484483540058136,pbs_imgs
55,D:\Dineth\focus_binary_benchmark\dataset\pbs_imgs\unfocused\FieldPos395_Cam01_RGB_MB\FieldPos395_Cam01_RGB_MB_page_6.png,0,0.5003580451011658,pbs_imgs
55,D:\Dineth\focus_binary_benchmark\dataset\pbs_imgs\unfocused\FieldPos395_Cam01_RGB_MB\FieldPos395_Cam01_RGB_MB_page_7.png,0,0.20961812138557434,pbs_imgs
55,D:\Dineth\focus_binary_benchmark\dataset\pbs_imgs\unfocused\FieldPos395_Cam01_RGB_MB\FieldPos395_Cam01_RGB_MB_page_8.png,0,0.1141703650355339,pbs_imgs
55,D:\Dineth\focus_binary_benchmark\dataset\pbs_imgs\unfocused\FieldPos395_Cam01_RGB_MB\FieldPos395_Cam01_RGB_MB_page_9.png,0,0.09183073788881302,pbs_imgs
55,D:\Dineth\focus_binary_benchmark\dataset\pbs_imgs\unfocused\FieldPos432_Cam01_RGB_MB\FieldPos432_Cam01_RGB_MB_page_1.png,0,0.33940207958221436,pbs_imgs
55,D:\Dineth\focus_binary_benchmark\dataset\pbs_imgs\unfocused\FieldPos432_Cam01_RGB_MB\FieldPos432_Cam01_RGB_MB_page_10.png,0,0.1411573588848114,pbs_imgs
55,D:\Dineth\focus_binary_benchmark\dataset\pbs_imgs\unfocused\FieldPos432_Cam01_RGB_MB\FieldPos432_Cam01_RGB_MB_page_11.png,0,0.17555460333824158,pbs_imgs
55,D:\Dineth\focus_binary_benchmark\dataset\pbs_imgs\unfocused\FieldPos432_Cam01_RGB_MB\FieldPos432_Cam01_RGB_MB_page_12.png,0,0.2419477254152298,pbs_imgs
55,D:\Dineth\focus_binary_benchmark\dataset\pbs_imgs\unfocused\FieldPos432_Cam01_RGB_MB\FieldPos432_Cam01_RGB_MB_page_13.png,0,0.29360705614089966,pbs_imgs
55,D:\Dineth\focus_binary_benchmark\dataset\pbs_imgs\unfocused\FieldPos432_Cam01_RGB_MB\FieldPos432_Cam01_RGB_MB_page_14.png,0,0.3497466742992401,pbs_imgs
55,D:\Dineth\focus_binary_benchmark\dataset\pbs_imgs\unfocused\FieldPos432_Cam01_RGB_MB\FieldPos432_Cam01_RGB_MB_page_15.png,0,0.3892068862915039,pbs_imgs
55,D:\Dineth\focus_binary_benchmark\dataset\pbs_imgs\unfocused\FieldPos432_Cam01_RGB_MB\FieldPos432_Cam01_RGB_MB_page_2.png,0,0.2950332760810852,pbs_imgs
55,D:\Dineth\focus_binary_benchmark\dataset\pbs_imgs\unfocused\FieldPos432_Cam01_RGB_MB\FieldPos432_Cam01_RGB_MB_page_3.png,0,0.30499914288520813,pbs_imgs
55,D:\Dineth\focus_binary_benchmark\dataset\pbs_imgs\unfocused\FieldPos432_Cam01_RGB_MB\FieldPos432_Cam01_RGB_MB_page_4.png,0,0.2698841691017151,pbs_imgs
55,D:\Dineth\focus_binary_benchmark\dataset\pbs_imgs\unfocused\FieldPos432_Cam01_RGB_MB\FieldPos432_Cam01_RGB_MB_page_5.png,0,0.2298489511013031,pbs_imgs
55,D:\Dineth\focus_binary_benchmark\dataset\pbs_imgs\unfocused\FieldPos432_Cam01_RGB_MB\FieldPos432_Cam01_RGB_MB_page_6.png,0,0.2073632925748825,pbs_imgs
55,D:\Dineth\focus_binary_benchmark\dataset\pbs_imgs\unfocused\FieldPos445_Cam01_RGB_MB\FieldPos445_Cam01_RGB_MB_page_1.png,0,0.08526326715946198,pbs_imgs
55,D:\Dineth\focus_binary_benchmark\dataset\pbs_imgs\unfocused\FieldPos445_Cam01_RGB_MB\FieldPos445_Cam01_RGB_MB_page_10.png,0,0.11676745116710663,pbs_imgs
55,D:\Dineth\focus_binary_benchmark\dataset\pbs_imgs\unfocused\FieldPos445_Cam01_RGB_MB\FieldPos445_Cam01_RGB_MB_page_11.png,0,0.09794750809669495,pbs_imgs
55,D:\Dineth\focus_binary_benchmark\dataset\pbs_imgs\unfocused\FieldPos445_Cam01_RGB_MB\FieldPos445_Cam01_RGB_MB_page_12.png,0,0.08808435499668121,pbs_imgs
55,D:\Dineth\focus_binary_benchmark\dataset\pbs_imgs\unfocused\FieldPos445_Cam01_RGB_MB\FieldPos445_Cam01_RGB_MB_page_13.png,0,0.08566530048847198,pbs_imgs
55,D:\Dineth\focus_binary_benchmark\dataset\pbs_imgs\unfocused\FieldPos445_Cam01_RGB_MB\FieldPos445_Cam01_RGB_MB_page_3.png,0,0.10018908977508545,pbs_imgs
55,D:\Dineth\focus_binary_benchmark\dataset\pbs_imgs\unfocused\FieldPos445_Cam01_RGB_MB\FieldPos445_Cam01_RGB_MB_page_4.png,0,0.126251220703125,pbs_imgs
55,D:\Dineth\focus_binary_benchmark\dataset\pbs_imgs\unfocused\FieldPos445_Cam01_RGB_MB\FieldPos445_Cam01_RGB_MB_page_5.png,0,0.2035641372203827,pbs_imgs
55,D:\Dineth\focus_binary_benchmark\dataset\pbs_imgs\unfocused\FieldPos445_Cam01_RGB_MB\FieldPos445_Cam01_RGB_MB_page_6.png,0,0.40664389729499817,pbs_imgs
55,D:\Dineth\focus_binary_benchmark\dataset\pbs_imgs\unfocused\FieldPos445_Cam01_RGB_MB\FieldPos445_Cam01_RGB_MB_page_7.png,0,0.5228207111358643,pbs_imgs
55,D:\Dineth\focus_binary_benchmark\dataset\pbs_imgs\unfocused\FieldPos445_Cam01_RGB_MB\FieldPos445_Cam01_RGB_MB_page_8.png,0,0.42555227875709534,pbs_imgs
55,D:\Dineth\focus_binary_benchmark\dataset\pbs_imgs\unfocused\FieldPos445_Cam01_RGB_MB\FieldPos445_Cam01_RGB_MB_page_9.png,0,0.16115111112594604,pbs_imgs
55,D:\Dineth\focus_binary_benchmark\dataset\pbs_imgs\unfocused\FieldPos448_Cam01_RGB_MB\FieldPos448_Cam01_RGB_MB_page_1.png,0,0.40997225046157837,pbs_imgs
55,D:\Dineth\focus_binary_benchmark\dataset\pbs_imgs\unfocused\FieldPos448_Cam01_RGB_MB\FieldPos448_Cam01_RGB_MB_page_10.png,0,0.28591668605804443,pbs_imgs
55,D:\Dineth\focus_binary_benchmark\dataset\pbs_imgs\unfocused\FieldPos448_Cam01_RGB_MB\FieldPos448_Cam01_RGB_MB_page_11.png,0,0.35848212242126465,pbs_imgs
55,D:\Dineth\focus_binary_benchmark\dataset\pbs_imgs\unfocused\FieldPos448_Cam01_RGB_MB\FieldPos448_Cam01_RGB_MB_page_12.png,0,0.39402222633361816,pbs_imgs
55,D:\Dineth\focus_binary_benchmark\dataset\pbs_imgs\unfocused\FieldPos448_Cam01_RGB_MB\FieldPos448_Cam01_RGB_MB_page_13.png,0,0.458056777715683,pbs_imgs
55,D:\Dineth\focus_binary_benchmark\dataset\pbs_imgs\unfocused\FieldPos448_Cam01_RGB_MB\FieldPos448_Cam01_RGB_MB_page_14.png,0,0.31035226583480835,pbs_imgs
55,D:\Dineth\focus_binary_benchmark\dataset\pbs_imgs\unfocused\FieldPos448_Cam01_RGB_MB\FieldPos448_Cam01_RGB_MB_page_15.png,0,0.1259922981262207,pbs_imgs
55,D:\Dineth\focus_binary_benchmark\dataset\pbs_imgs\unfocused\FieldPos448_Cam01_RGB_MB\FieldPos448_Cam01_RGB_MB_page_2.png,0,0.3926074802875519,pbs_imgs
55,D:\Dineth\focus_binary_benchmark\dataset\pbs_imgs\unfocused\FieldPos448_Cam01_RGB_MB\FieldPos448_Cam01_RGB_MB_page_3.png,0,0.3476411998271942,pbs_imgs
55,D:\Dineth\focus_binary_benchmark\dataset\pbs_imgs\unfocused\FieldPos448_Cam01_RGB_MB\FieldPos448_Cam01_RGB_MB_page_4.png,0,0.34079939126968384,pbs_imgs
55,D:\Dineth\focus_binary_benchmark\dataset\pbs_imgs\unfocused\FieldPos448_Cam01_RGB_MB\FieldPos448_Cam01_RGB_MB_page_5.png,0,0.3435250222682953,pbs_imgs
55,D:\Dineth\focus_binary_benchmark\dataset\pbs_imgs\unfocused\FieldPos448_Cam01_RGB_MB\FieldPos448_Cam01_RGB_MB_page_6.png,0,0.32153379917144775,pbs_imgs
55,D:\Dineth\focus_binary_benchmark\dataset\pbs_imgs\unfocused\FieldPos470_Cam01_RGB_MB\FieldPos470_Cam01_RGB_MB_page_1.png,0,0.4827728271484375,pbs_imgs
55,D:\Dineth\focus_binary_benchmark\dataset\pbs_imgs\unfocused\FieldPos470_Cam01_RGB_MB\FieldPos470_Cam01_RGB_MB_page_10.png,0,0.4977748394012451,pbs_imgs
55,D:\Dineth\focus_binary_benchmark\dataset\pbs_imgs\unfocused\FieldPos470_Cam01_RGB_MB\FieldPos470_Cam01_RGB_MB_page_11.png,0,0.4154297709465027,pbs_imgs
55,D:\Dineth\focus_binary_benchmark\dataset\pbs_imgs\unfocused\FieldPos470_Cam01_RGB_MB\FieldPos470_Cam01_RGB_MB_page_12.png,0,0.3745836615562439,pbs_imgs
55,D:\Dineth\focus_binary_benchmark\dataset\pbs_imgs\unfocused\FieldPos470_Cam01_RGB_MB\FieldPos470_Cam01_RGB_MB_page_13.png,0,0.3961052894592285,pbs_imgs
55,D:\Dineth\focus_binary_benchmark\dataset\pbs_imgs\unfocused\FieldPos470_Cam01_RGB_MB\FieldPos470_Cam01_RGB_MB_page_14.png,0,0.41562485694885254,pbs_imgs
55,D:\Dineth\focus_binary_benchmark\dataset\pbs_imgs\unfocused\FieldPos470_Cam01_RGB_MB\FieldPos470_Cam01_RGB_MB_page_15.png,0,0.4434359073638916,pbs_imgs
55,D:\Dineth\focus_binary_benchmark\dataset\pbs_imgs\unfocused\FieldPos470_Cam01_RGB_MB\FieldPos470_Cam01_RGB_MB_page_2.png,0,0.3939491808414459,pbs_imgs
55,D:\Dineth\focus_binary_benchmark\dataset\pbs_imgs\unfocused\FieldPos470_Cam01_RGB_MB\FieldPos470_Cam01_RGB_MB_page_3.png,0,0.47259721159935,pbs_imgs
55,D:\Dineth\focus_binary_benchmark\dataset\pbs_imgs\unfocused\FieldPos470_Cam01_RGB_MB\FieldPos470_Cam01_RGB_MB_page_4.png,0,0.4342353940010071,pbs_imgs
55,D:\Dineth\focus_binary_benchmark\dataset\pbs_imgs\unfocused\FieldPos470_Cam01_RGB_MB\FieldPos470_Cam01_RGB_MB_page_5.png,0,0.4029024541378021,pbs_imgs
55,D:\Dineth\focus_binary_benchmark\dataset\pbs_imgs\unfocused\FieldPos470_Cam01_RGB_MB\FieldPos470_Cam01_RGB_MB_page_6.png,0,0.3933834731578827,pbs_imgs
55,D:\Dineth\focus_binary_benchmark\dataset\tbf_imgs\focused\FieldPos005\FieldPos005_page_7.png,1,0.3584887683391571,tbf_imgs
55,D:\Dineth\focus_binary_benchmark\dataset\tbf_imgs\focused\FieldPos005 (2)\FieldPos005 (2)_page_7.png,1,0.4226810336112976,tbf_imgs
55,D:\Dineth\focus_binary_benchmark\dataset\tbf_imgs\focused\FieldPos009\FieldPos009_page_7.png,1,0.3796257972717285,tbf_imgs
55,D:\Dineth\focus_binary_benchmark\dataset\tbf_imgs\focused\FieldPos009 (2)\FieldPos009 (2)_page_7.png,1,0.39731869101524353,tbf_imgs
55,D:\Dineth\focus_binary_benchmark\dataset\tbf_imgs\focused\FieldPos009 (3)\FieldPos009 (3)_page_7.png,1,0.39731869101524353,tbf_imgs
55,D:\Dineth\focus_binary_benchmark\dataset\tbf_imgs\focused\FieldPos014\FieldPos014_page_5.png,1,0.3598467707633972,tbf_imgs
55,D:\Dineth\focus_binary_benchmark\dataset\tbf_imgs\focused\FieldPos014 (2)\FieldPos014 (2)_page_8.png,1,0.4045865535736084,tbf_imgs
55,D:\Dineth\focus_binary_benchmark\dataset\tbf_imgs\focused\FieldPos015\FieldPos015_page_7.png,1,0.3512279689311981,tbf_imgs
55,D:\Dineth\focus_binary_benchmark\dataset\tbf_imgs\focused\FieldPos015 (2)\FieldPos015 (2)_page_8.png,1,0.4052070677280426,tbf_imgs
55,D:\Dineth\focus_binary_benchmark\dataset\tbf_imgs\focused\FieldPos015 (3)\FieldPos015 (3)_page_8.png,1,0.4052070677280426,tbf_imgs
55,D:\Dineth\focus_binary_benchmark\dataset\tbf_imgs\focused\FieldPos027\FieldPos027_page_8.png,1,0.39352190494537354,tbf_imgs
55,D:\Dineth\focus_binary_benchmark\dataset\tbf_imgs\focused\FieldPos033\FieldPos033_page_8.png,1,0.40143269300460815,tbf_imgs
55,D:\Dineth\focus_binary_benchmark\dataset\tbf_imgs\focused\FieldPos033 (2)\FieldPos033 (2)_page_8.png,1,0.40143269300460815,tbf_imgs
55,D:\Dineth\focus_binary_benchmark\dataset\tbf_imgs\focused\FieldPos043\FieldPos043_page_8.png,1,0.3932904601097107,tbf_imgs
55,D:\Dineth\focus_binary_benchmark\dataset\tbf_imgs\focused\FieldPos043 (2)\FieldPos043 (2)_page_8.png,1,0.3932904601097107,tbf_imgs
55,D:\Dineth\focus_binary_benchmark\dataset\tbf_imgs\focused\FieldPos050\FieldPos050_page_7.png,1,0.3997850716114044,tbf_imgs
55,D:\Dineth\focus_binary_benchmark\dataset\tbf_imgs\focused\FieldPos053\FieldPos053_page_7.png,1,0.4144965708255768,tbf_imgs
55,D:\Dineth\focus_binary_benchmark\dataset\tbf_imgs\focused\FieldPos082\FieldPos082_page_6.png,1,0.46686285734176636,tbf_imgs
55,D:\Dineth\focus_binary_benchmark\dataset\tbf_imgs\focused\FieldPos093\FieldPos093_page_5.png,1,0.4010305404663086,tbf_imgs
55,D:\Dineth\focus_binary_benchmark\dataset\tbf_imgs\focused\FieldPos094\FieldPos094_page_6.png,1,0.39616701006889343,tbf_imgs
55,D:\Dineth\focus_binary_benchmark\dataset\tbf_imgs\focused\FieldPos096\FieldPos096_page_6.png,1,0.40491291880607605,tbf_imgs
55,D:\Dineth\focus_binary_benchmark\dataset\tbf_imgs\focused\FieldPos099\FieldPos099_page_6.png,1,0.39793649315834045,tbf_imgs
55,D:\Dineth\focus_binary_benchmark\dataset\tbf_imgs\focused\FieldPos104\FieldPos104_page_7.png,1,0.4131143093109131,tbf_imgs
55,D:\Dineth\focus_binary_benchmark\dataset\tbf_imgs\focused\FieldPos107\FieldPos107_page_5.png,1,0.4338567852973938,tbf_imgs
55,D:\Dineth\focus_binary_benchmark\dataset\tbf_imgs\focused\FieldPos109\FieldPos109_page_5.png,1,0.4850847125053406,tbf_imgs
55,D:\Dineth\focus_binary_benchmark\dataset\tbf_imgs\focused\FieldPos123\FieldPos123_page_5.png,1,0.425256609916687,tbf_imgs
55,D:\Dineth\focus_binary_benchmark\dataset\tbf_imgs\focused\FieldPos211\FieldPos211_page_6.png,1,0.435650110244751,tbf_imgs
55,D:\Dineth\focus_binary_benchmark\dataset\tbf_imgs\unfocused\FieldPos005\FieldPos005_page_1.png,0,0.34301042556762695,tbf_imgs
55,D:\Dineth\focus_binary_benchmark\dataset\tbf_imgs\unfocused\FieldPos005\FieldPos005_page_10.png,0,0.34587642550468445,tbf_imgs
55,D:\Dineth\focus_binary_benchmark\dataset\tbf_imgs\unfocused\FieldPos005\FieldPos005_page_11.png,0,0.34445372223854065,tbf_imgs
55,D:\Dineth\focus_binary_benchmark\dataset\tbf_imgs\unfocused\FieldPos005\FieldPos005_page_12.png,0,0.3440367877483368,tbf_imgs
55,D:\Dineth\focus_binary_benchmark\dataset\tbf_imgs\unfocused\FieldPos005\FieldPos005_page_13.png,0,0.34409114718437195,tbf_imgs
55,D:\Dineth\focus_binary_benchmark\dataset\tbf_imgs\unfocused\FieldPos005\FieldPos005_page_14.png,0,0.3437808156013489,tbf_imgs
55,D:\Dineth\focus_binary_benchmark\dataset\tbf_imgs\unfocused\FieldPos005\FieldPos005_page_2.png,0,0.343482106924057,tbf_imgs
55,D:\Dineth\focus_binary_benchmark\dataset\tbf_imgs\unfocused\FieldPos005\FieldPos005_page_3.png,0,0.3433723449707031,tbf_imgs
55,D:\Dineth\focus_binary_benchmark\dataset\tbf_imgs\unfocused\FieldPos005\FieldPos005_page_4.png,0,0.3439173102378845,tbf_imgs
55,D:\Dineth\focus_binary_benchmark\dataset\tbf_imgs\unfocused\FieldPos005\FieldPos005_page_5.png,0,0.34684064984321594,tbf_imgs
55,D:\Dineth\focus_binary_benchmark\dataset\tbf_imgs\unfocused\FieldPos005\FieldPos005_page_9.png,0,0.351716011762619,tbf_imgs
55,D:\Dineth\focus_binary_benchmark\dataset\tbf_imgs\unfocused\FieldPos005 (2)\FieldPos005 (2)_page_1.png,0,0.4028301537036896,tbf_imgs
55,D:\Dineth\focus_binary_benchmark\dataset\tbf_imgs\unfocused\FieldPos005 (2)\FieldPos005 (2)_page_10.png,0,0.4040718674659729,tbf_imgs
55,D:\Dineth\focus_binary_benchmark\dataset\tbf_imgs\unfocused\FieldPos005 (2)\FieldPos005 (2)_page_11.png,0,0.40306514501571655,tbf_imgs
55,D:\Dineth\focus_binary_benchmark\dataset\tbf_imgs\unfocused\FieldPos005 (2)\FieldPos005 (2)_page_12.png,0,0.40348511934280396,tbf_imgs
55,D:\Dineth\focus_binary_benchmark\dataset\tbf_imgs\unfocused\FieldPos005 (2)\FieldPos005 (2)_page_13.png,0,0.40306878089904785,tbf_imgs
55,D:\Dineth\focus_binary_benchmark\dataset\tbf_imgs\unfocused\FieldPos005 (2)\FieldPos005 (2)_page_14.png,0,0.403200626373291,tbf_imgs
55,D:\Dineth\focus_binary_benchmark\dataset\tbf_imgs\unfocused\FieldPos005 (2)\FieldPos005 (2)_page_2.png,0,0.4033660590648651,tbf_imgs
55,D:\Dineth\focus_binary_benchmark\dataset\tbf_imgs\unfocused\FieldPos005 (2)\FieldPos005 (2)_page_3.png,0,0.4039532244205475,tbf_imgs
55,D:\Dineth\focus_binary_benchmark\dataset\tbf_imgs\unfocused\FieldPos005 (2)\FieldPos005 (2)_page_4.png,0,0.40607112646102905,tbf_imgs
55,D:\Dineth\focus_binary_benchmark\dataset\tbf_imgs\unfocused\FieldPos005 (2)\FieldPos005 (2)_page_5.png,0,0.41133400797843933,tbf_imgs
55,D:\Dineth\focus_binary_benchmark\dataset\tbf_imgs\unfocused\FieldPos005 (2)\FieldPos005 (2)_page_9.png,0,0.40652233362197876,tbf_imgs
55,D:\Dineth\focus_binary_benchmark\dataset\tbf_imgs\unfocused\FieldPos009\FieldPos009_page_1.png,0,0.3655122220516205,tbf_imgs
55,D:\Dineth\focus_binary_benchmark\dataset\tbf_imgs\unfocused\FieldPos009\FieldPos009_page_10.png,0,0.36744487285614014,tbf_imgs
55,D:\Dineth\focus_binary_benchmark\dataset\tbf_imgs\unfocused\FieldPos009\FieldPos009_page_11.png,0,0.36664879322052,tbf_imgs
55,D:\Dineth\focus_binary_benchmark\dataset\tbf_imgs\unfocused\FieldPos009\FieldPos009_page_12.png,0,0.3662445843219757,tbf_imgs
55,D:\Dineth\focus_binary_benchmark\dataset\tbf_imgs\unfocused\FieldPos009\FieldPos009_page_13.png,0,0.3660464882850647,tbf_imgs
55,D:\Dineth\focus_binary_benchmark\dataset\tbf_imgs\unfocused\FieldPos009\FieldPos009_page_14.png,0,0.3665125370025635,tbf_imgs
55,D:\Dineth\focus_binary_benchmark\dataset\tbf_imgs\unfocused\FieldPos009\FieldPos009_page_2.png,0,0.3656718134880066,tbf_imgs
55,D:\Dineth\focus_binary_benchmark\dataset\tbf_imgs\unfocused\FieldPos009\FieldPos009_page_3.png,0,0.36631646752357483,tbf_imgs
55,D:\Dineth\focus_binary_benchmark\dataset\tbf_imgs\unfocused\FieldPos009\FieldPos009_page_4.png,0,0.3673432469367981,tbf_imgs
55,D:\Dineth\focus_binary_benchmark\dataset\tbf_imgs\unfocused\FieldPos009\FieldPos009_page_5.png,0,0.37017181515693665,tbf_imgs
55,D:\Dineth\focus_binary_benchmark\dataset\tbf_imgs\unfocused\FieldPos009\FieldPos009_page_9.png,0,0.3705441355705261,tbf_imgs
55,D:\Dineth\focus_binary_benchmark\dataset\tbf_imgs\unfocused\FieldPos009 (2)\FieldPos009 (2)_page_1.png,0,0.3772028088569641,tbf_imgs
55,D:\Dineth\focus_binary_benchmark\dataset\tbf_imgs\unfocused\FieldPos009 (2)\FieldPos009 (2)_page_10.png,0,0.3807874321937561,tbf_imgs
55,D:\Dineth\focus_binary_benchmark\dataset\tbf_imgs\unfocused\FieldPos009 (2)\FieldPos009 (2)_page_11.png,0,0.37877851724624634,tbf_imgs
55,D:\Dineth\focus_binary_benchmark\dataset\tbf_imgs\unfocused\FieldPos009 (2)\FieldPos009 (2)_page_12.png,0,0.3782983720302582,tbf_imgs
55,D:\Dineth\focus_binary_benchmark\dataset\tbf_imgs\unfocused\FieldPos009 (2)\FieldPos009 (2)_page_13.png,0,0.3775479197502136,tbf_imgs
55,D:\Dineth\focus_binary_benchmark\dataset\tbf_imgs\unfocused\FieldPos009 (2)\FieldPos009 (2)_page_14.png,0,0.37722453474998474,tbf_imgs
55,D:\Dineth\focus_binary_benchmark\dataset\tbf_imgs\unfocused\FieldPos009 (2)\FieldPos009 (2)_page_2.png,0,0.3775685131549835,tbf_imgs
55,D:\Dineth\focus_binary_benchmark\dataset\tbf_imgs\unfocused\FieldPos009 (2)\FieldPos009 (2)_page_3.png,0,0.37833118438720703,tbf_imgs
55,D:\Dineth\focus_binary_benchmark\dataset\tbf_imgs\unfocused\FieldPos009 (2)\FieldPos009 (2)_page_4.png,0,0.38011014461517334,tbf_imgs
55,D:\Dineth\focus_binary_benchmark\dataset\tbf_imgs\unfocused\FieldPos009 (2)\FieldPos009 (2)_page_5.png,0,0.3829314112663269,tbf_imgs
55,D:\Dineth\focus_binary_benchmark\dataset\tbf_imgs\unfocused\FieldPos009 (2)\FieldPos009 (2)_page_9.png,0,0.3874962627887726,tbf_imgs
55,D:\Dineth\focus_binary_benchmark\dataset\tbf_imgs\unfocused\FieldPos009 (3)\FieldPos009 (3)_page_1.png,0,0.3772028088569641,tbf_imgs
55,D:\Dineth\focus_binary_benchmark\dataset\tbf_imgs\unfocused\FieldPos009 (3)\FieldPos009 (3)_page_10.png,0,0.3807874321937561,tbf_imgs
55,D:\Dineth\focus_binary_benchmark\dataset\tbf_imgs\unfocused\FieldPos009 (3)\FieldPos009 (3)_page_11.png,0,0.37877851724624634,tbf_imgs
55,D:\Dineth\focus_binary_benchmark\dataset\tbf_imgs\unfocused\FieldPos009 (3)\FieldPos009 (3)_page_12.png,0,0.3782983720302582,tbf_imgs
55,D:\Dineth\focus_binary_benchmark\dataset\tbf_imgs\unfocused\FieldPos009 (3)\FieldPos009 (3)_page_13.png,0,0.3775479197502136,tbf_imgs
55,D:\Dineth\focus_binary_benchmark\dataset\tbf_imgs\unfocused\FieldPos009 (3)\FieldPos009 (3)_page_14.png,0,0.37722453474998474,tbf_imgs
55,D:\Dineth\focus_binary_benchmark\dataset\tbf_imgs\unfocused\FieldPos009 (3)\FieldPos009 (3)_page_2.png,0,0.3775685131549835,tbf_imgs
55,D:\Dineth\focus_binary_benchmark\dataset\tbf_imgs\unfocused\FieldPos009 (3)\FieldPos009 (3)_page_3.png,0,0.37833118438720703,tbf_imgs
55,D:\Dineth\focus_binary_benchmark\dataset\tbf_imgs\unfocused\FieldPos009 (3)\FieldPos009 (3)_page_4.png,0,0.38011014461517334,tbf_imgs
55,D:\Dineth\focus_binary_benchmark\dataset\tbf_imgs\unfocused\FieldPos009 (3)\FieldPos009 (3)_page_5.png,0,0.3829314708709717,tbf_imgs
55,D:\Dineth\focus_binary_benchmark\dataset\tbf_imgs\unfocused\FieldPos009 (3)\FieldPos009 (3)_page_9.png,0,0.3874962627887726,tbf_imgs
55,D:\Dineth\focus_binary_benchmark\dataset\tbf_imgs\unfocused\FieldPos014\FieldPos014_page_1.png,0,0.34802061319351196,tbf_imgs
55,D:\Dineth\focus_binary_benchmark\dataset\tbf_imgs\unfocused\FieldPos014\FieldPos014_page_10.png,0,0.34866681694984436,tbf_imgs
55,D:\Dineth\focus_binary_benchmark\dataset\tbf_imgs\unfocused\FieldPos014\FieldPos014_page_11.png,0,0.3487074673175812,tbf_imgs
55,D:\Dineth\focus_binary_benchmark\dataset\tbf_imgs\unfocused\FieldPos014\FieldPos014_page_12.png,0,0.3486594259738922,tbf_imgs
55,D:\Dineth\focus_binary_benchmark\dataset\tbf_imgs\unfocused\FieldPos014\FieldPos014_page_13.png,0,0.3486559987068176,tbf_imgs
55,D:\Dineth\focus_binary_benchmark\dataset\tbf_imgs\unfocused\FieldPos014\FieldPos014_page_14.png,0,0.3489185571670532,tbf_imgs
55,D:\Dineth\focus_binary_benchmark\dataset\tbf_imgs\unfocused\FieldPos014\FieldPos014_page_2.png,0,0.34826329350471497,tbf_imgs
55,D:\Dineth\focus_binary_benchmark\dataset\tbf_imgs\unfocused\FieldPos014\FieldPos014_page_3.png,0,0.3513200283050537,tbf_imgs
55,D:\Dineth\focus_binary_benchmark\dataset\tbf_imgs\unfocused\FieldPos014\FieldPos014_page_7.png,0,0.354884535074234,tbf_imgs
55,D:\Dineth\focus_binary_benchmark\dataset\tbf_imgs\unfocused\FieldPos014\FieldPos014_page_8.png,0,0.35029566287994385,tbf_imgs
55,D:\Dineth\focus_binary_benchmark\dataset\tbf_imgs\unfocused\FieldPos014\FieldPos014_page_9.png,0,0.3486264646053314,tbf_imgs
55,D:\Dineth\focus_binary_benchmark\dataset\tbf_imgs\unfocused\FieldPos014 (2)\FieldPos014 (2)_page_1.png,0,0.3725682199001312,tbf_imgs
55,D:\Dineth\focus_binary_benchmark\dataset\tbf_imgs\unfocused\FieldPos014 (2)\FieldPos014 (2)_page_10.png,0,0.391478955745697,tbf_imgs
55,D:\Dineth\focus_binary_benchmark\dataset\tbf_imgs\unfocused\FieldPos014 (2)\FieldPos014 (2)_page_11.png,0,0.37884634733200073,tbf_imgs
55,D:\Dineth\focus_binary_benchmark\dataset\tbf_imgs\unfocused\FieldPos014 (2)\FieldPos014 (2)_page_12.png,0,0.3748117685317993,tbf_imgs
55,D:\Dineth\focus_binary_benchmark\dataset\tbf_imgs\unfocused\FieldPos014 (2)\FieldPos014 (2)_page_13.png,0,0.3742598593235016,tbf_imgs
55,D:\Dineth\focus_binary_benchmark\dataset\tbf_imgs\unfocused\FieldPos014 (2)\FieldPos014 (2)_page_14.png,0,0.37369632720947266,tbf_imgs
55,D:\Dineth\focus_binary_benchmark\dataset\tbf_imgs\unfocused\FieldPos014 (2)\FieldPos014 (2)_page_2.png,0,0.3730897605419159,tbf_imgs
55,D:\Dineth\focus_binary_benchmark\dataset\tbf_imgs\unfocused\FieldPos014 (2)\FieldPos014 (2)_page_3.png,0,0.373460978269577,tbf_imgs
55,D:\Dineth\focus_binary_benchmark\dataset\tbf_imgs\unfocused\FieldPos014 (2)\FieldPos014 (2)_page_4.png,0,0.37374618649482727,tbf_imgs
55,D:\Dineth\focus_binary_benchmark\dataset\tbf_imgs\unfocused\FieldPos014 (2)\FieldPos014 (2)_page_5.png,0,0.37497591972351074,tbf_imgs
55,D:\Dineth\focus_binary_benchmark\dataset\tbf_imgs\unfocused\FieldPos014 (2)\FieldPos014 (2)_page_6.png,0,0.3804532587528229,tbf_imgs
55,D:\Dineth\focus_binary_benchmark\dataset\tbf_imgs\unfocused\FieldPos015\FieldPos015_page_1.png,0,0.3397873342037201,tbf_imgs
55,D:\Dineth\focus_binary_benchmark\dataset\tbf_imgs\unfocused\FieldPos015\FieldPos015_page_10.png,0,0.3403933346271515,tbf_imgs
55,D:\Dineth\focus_binary_benchmark\dataset\tbf_imgs\unfocused\FieldPos015\FieldPos015_page_11.png,0,0.34038594365119934,tbf_imgs
55,D:\Dineth\focus_binary_benchmark\dataset\tbf_imgs\unfocused\FieldPos015\FieldPos015_page_12.png,0,0.3401007652282715,tbf_imgs
55,D:\Dineth\focus_binary_benchmark\dataset\tbf_imgs\unfocused\FieldPos015\FieldPos015_page_13.png,0,0.3401549756526947,tbf_imgs
55,D:\Dineth\focus_binary_benchmark\dataset\tbf_imgs\unfocused\FieldPos015\FieldPos015_page_14.png,0,0.3402065634727478,tbf_imgs
55,D:\Dineth\focus_binary_benchmark\dataset\tbf_imgs\unfocused\FieldPos015\FieldPos015_page_2.png,0,0.3397671580314636,tbf_imgs
55,D:\Dineth\focus_binary_benchmark\dataset\tbf_imgs\unfocused\FieldPos015\FieldPos015_page_3.png,0,0.3405817449092865,tbf_imgs
55,D:\Dineth\focus_binary_benchmark\dataset\tbf_imgs\unfocused\FieldPos015\FieldPos015_page_4.png,0,0.3416766822338104,tbf_imgs
55,D:\Dineth\focus_binary_benchmark\dataset\tbf_imgs\unfocused\FieldPos015\FieldPos015_page_5.png,0,0.34450235962867737,tbf_imgs
55,D:\Dineth\focus_binary_benchmark\dataset\tbf_imgs\unfocused\FieldPos015\FieldPos015_page_9.png,0,0.3419717848300934,tbf_imgs
55,D:\Dineth\focus_binary_benchmark\dataset\tbf_imgs\unfocused\FieldPos015 (2)\FieldPos015 (2)_page_1.png,0,0.3764713704586029,tbf_imgs
55,D:\Dineth\focus_binary_benchmark\dataset\tbf_imgs\unfocused\FieldPos015 (2)\FieldPos015 (2)_page_10.png,0,0.3888104259967804,tbf_imgs
55,D:\Dineth\focus_binary_benchmark\dataset\tbf_imgs\unfocused\FieldPos015 (2)\FieldPos015 (2)_page_11.png,0,0.3817687928676605,tbf_imgs
55,D:\Dineth\focus_binary_benchmark\dataset\tbf_imgs\unfocused\FieldPos015 (2)\FieldPos015 (2)_page_12.png,0,0.37833285331726074,tbf_imgs
55,D:\Dineth\focus_binary_benchmark\dataset\tbf_imgs\unfocused\FieldPos015 (2)\FieldPos015 (2)_page_13.png,0,0.3774798810482025,tbf_imgs
55,D:\Dineth\focus_binary_benchmark\dataset\tbf_imgs\unfocused\FieldPos015 (2)\FieldPos015 (2)_page_14.png,0,0.37772560119628906,tbf_imgs
55,D:\Dineth\focus_binary_benchmark\dataset\tbf_imgs\unfocused\FieldPos015 (2)\FieldPos015 (2)_page_2.png,0,0.3771314024925232,tbf_imgs
55,D:\Dineth\focus_binary_benchmark\dataset\tbf_imgs\unfocused\FieldPos015 (2)\FieldPos015 (2)_page_3.png,0,0.3775096535682678,tbf_imgs
55,D:\Dineth\focus_binary_benchmark\dataset\tbf_imgs\unfocused\FieldPos015 (2)\FieldPos015 (2)_page_4.png,0,0.3780980408191681,tbf_imgs
55,D:\Dineth\focus_binary_benchmark\dataset\tbf_imgs\unfocused\FieldPos015 (2)\FieldPos015 (2)_page_5.png,0,0.3802996575832367,tbf_imgs
55,D:\Dineth\focus_binary_benchmark\dataset\tbf_imgs\unfocused\FieldPos015 (2)\FieldPos015 (2)_page_6.png,0,0.38493722677230835,tbf_imgs
55,D:\Dineth\focus_binary_benchmark\dataset\tbf_imgs\unfocused\FieldPos015 (3)\FieldPos015 (3)_page_1.png,0,0.3764713704586029,tbf_imgs
55,D:\Dineth\focus_binary_benchmark\dataset\tbf_imgs\unfocused\FieldPos015 (3)\FieldPos015 (3)_page_10.png,0,0.3888104259967804,tbf_imgs
55,D:\Dineth\focus_binary_benchmark\dataset\tbf_imgs\unfocused\FieldPos015 (3)\FieldPos015 (3)_page_11.png,0,0.3817687928676605,tbf_imgs
55,D:\Dineth\focus_binary_benchmark\dataset\tbf_imgs\unfocused\FieldPos015 (3)\FieldPos015 (3)_page_12.png,0,0.37833285331726074,tbf_imgs
55,D:\Dineth\focus_binary_benchmark\dataset\tbf_imgs\unfocused\FieldPos015 (3)\FieldPos015 (3)_page_13.png,0,0.3774798810482025,tbf_imgs
55,D:\Dineth\focus_binary_benchmark\dataset\tbf_imgs\unfocused\FieldPos015 (3)\FieldPos015 (3)_page_14.png,0,0.37772560119628906,tbf_imgs
55,D:\Dineth\focus_binary_benchmark\dataset\tbf_imgs\unfocused\FieldPos015 (3)\FieldPos015 (3)_page_2.png,0,0.3771314024925232,tbf_imgs
55,D:\Dineth\focus_binary_benchmark\dataset\tbf_imgs\unfocused\FieldPos015 (3)\FieldPos015 (3)_page_3.png,0,0.3775096535682678,tbf_imgs
55,D:\Dineth\focus_binary_benchmark\dataset\tbf_imgs\unfocused\FieldPos015 (3)\FieldPos015 (3)_page_4.png,0,0.3780980408191681,tbf_imgs
55,D:\Dineth\focus_binary_benchmark\dataset\tbf_imgs\unfocused\FieldPos015 (3)\FieldPos015 (3)_page_5.png,0,0.3802996575832367,tbf_imgs
55,D:\Dineth\focus_binary_benchmark\dataset\tbf_imgs\unfocused\FieldPos015 (3)\FieldPos015 (3)_page_6.png,0,0.38493722677230835,tbf_imgs
55,D:\Dineth\focus_binary_benchmark\dataset\tbf_imgs\unfocused\FieldPos027\FieldPos027_page_1.png,0,0.37691357731819153,tbf_imgs
55,D:\Dineth\focus_binary_benchmark\dataset\tbf_imgs\unfocused\FieldPos027\FieldPos027_page_10.png,0,0.3894495964050293,tbf_imgs
55,D:\Dineth\focus_binary_benchmark\dataset\tbf_imgs\unfocused\FieldPos027\FieldPos027_page_11.png,0,0.38165968656539917,tbf_imgs
55,D:\Dineth\focus_binary_benchmark\dataset\tbf_imgs\unfocused\FieldPos027\FieldPos027_page_12.png,0,0.37955859303474426,tbf_imgs
55,D:\Dineth\focus_binary_benchmark\dataset\tbf_imgs\unfocused\FieldPos027\FieldPos027_page_13.png,0,0.3786862790584564,tbf_imgs
55,D:\Dineth\focus_binary_benchmark\dataset\tbf_imgs\unfocused\FieldPos027\FieldPos027_page_14.png,0,0.37841594219207764,tbf_imgs
55,D:\Dineth\focus_binary_benchmark\dataset\tbf_imgs\unfocused\FieldPos027\FieldPos027_page_2.png,0,0.37766194343566895,tbf_imgs
55,D:\Dineth\focus_binary_benchmark\dataset\tbf_imgs\unfocused\FieldPos027\FieldPos027_page_3.png,0,0.37782368063926697,tbf_imgs
55,D:\Dineth\focus_binary_benchmark\dataset\tbf_imgs\unfocused\FieldPos027\FieldPos027_page_4.png,0,0.3781275451183319,tbf_imgs
55,D:\Dineth\focus_binary_benchmark\dataset\tbf_imgs\unfocused\FieldPos027\FieldPos027_page_5.png,0,0.37937453389167786,tbf_imgs
55,D:\Dineth\focus_binary_benchmark\dataset\tbf_imgs\unfocused\FieldPos027\FieldPos027_page_6.png,0,0.38128677010536194,tbf_imgs
55,D:\Dineth\focus_binary_benchmark\dataset\tbf_imgs\unfocused\FieldPos033\FieldPos033_page_1.png,0,0.3750845789909363,tbf_imgs
55,D:\Dineth\focus_binary_benchmark\dataset\tbf_imgs\unfocused\FieldPos033\FieldPos033_page_10.png,0,0.3830558657646179,tbf_imgs
55,D:\Dineth\focus_binary_benchmark\dataset\tbf_imgs\unfocused\FieldPos033\FieldPos033_page_11.png,0,0.37831634283065796,tbf_imgs
55,D:\Dineth\focus_binary_benchmark\dataset\tbf_imgs\unfocused\FieldPos033\FieldPos033_page_12.png,0,0.37672168016433716,tbf_imgs
55,D:\Dineth\focus_binary_benchmark\dataset\tbf_imgs\unfocused\FieldPos033\FieldPos033_page_13.png,0,0.37559187412261963,tbf_imgs
55,D:\Dineth\focus_binary_benchmark\dataset\tbf_imgs\unfocused\FieldPos033\FieldPos033_page_14.png,0,0.3752402067184448,tbf_imgs
55,D:\Dineth\focus_binary_benchmark\dataset\tbf_imgs\unfocused\FieldPos033\FieldPos033_page_2.png,0,0.37571024894714355,tbf_imgs
55,D:\Dineth\focus_binary_benchmark\dataset\tbf_imgs\unfocused\FieldPos033\FieldPos033_page_3.png,0,0.3756468892097473,tbf_imgs
55,D:\Dineth\focus_binary_benchmark\dataset\tbf_imgs\unfocused\FieldPos033\FieldPos033_page_4.png,0,0.3771898150444031,tbf_imgs
55,D:\Dineth\focus_binary_benchmark\dataset\tbf_imgs\unfocused\FieldPos033\FieldPos033_page_5.png,0,0.38054928183555603,tbf_imgs
55,D:\Dineth\focus_binary_benchmark\dataset\tbf_imgs\unfocused\FieldPos033\FieldPos033_page_6.png,0,0.38932564854621887,tbf_imgs
55,D:\Dineth\focus_binary_benchmark\dataset\tbf_imgs\unfocused\FieldPos033 (2)\FieldPos033 (2)_page_1.png,0,0.3750845789909363,tbf_imgs
55,D:\Dineth\focus_binary_benchmark\dataset\tbf_imgs\unfocused\FieldPos033 (2)\FieldPos033 (2)_page_10.png,0,0.3830558657646179,tbf_imgs
55,D:\Dineth\focus_binary_benchmark\dataset\tbf_imgs\unfocused\FieldPos033 (2)\FieldPos033 (2)_page_11.png,0,0.37831634283065796,tbf_imgs
55,D:\Dineth\focus_binary_benchmark\dataset\tbf_imgs\unfocused\FieldPos033 (2)\FieldPos033 (2)_page_12.png,0,0.37672168016433716,tbf_imgs
55,D:\Dineth\focus_binary_benchmark\dataset\tbf_imgs\unfocused\FieldPos033 (2)\FieldPos033 (2)_page_13.png,0,0.37559187412261963,tbf_imgs
55,D:\Dineth\focus_binary_benchmark\dataset\tbf_imgs\unfocused\FieldPos033 (2)\FieldPos033 (2)_page_14.png,0,0.3752402067184448,tbf_imgs
55,D:\Dineth\focus_binary_benchmark\dataset\tbf_imgs\unfocused\FieldPos033 (2)\FieldPos033 (2)_page_2.png,0,0.37571027874946594,tbf_imgs
55,D:\Dineth\focus_binary_benchmark\dataset\tbf_imgs\unfocused\FieldPos033 (2)\FieldPos033 (2)_page_3.png,0,0.3756468892097473,tbf_imgs
55,D:\Dineth\focus_binary_benchmark\dataset\tbf_imgs\unfocused\FieldPos033 (2)\FieldPos033 (2)_page_4.png,0,0.3771898150444031,tbf_imgs
55,D:\Dineth\focus_binary_benchmark\dataset\tbf_imgs\unfocused\FieldPos033 (2)\FieldPos033 (2)_page_5.png,0,0.38054928183555603,tbf_imgs
55,D:\Dineth\focus_binary_benchmark\dataset\tbf_imgs\unfocused\FieldPos033 (2)\FieldPos033 (2)_page_6.png,0,0.38932564854621887,tbf_imgs
55,D:\Dineth\focus_binary_benchmark\dataset\tbf_imgs\unfocused\FieldPos043\FieldPos043_page_1.png,0,0.37519264221191406,tbf_imgs
55,D:\Dineth\focus_binary_benchmark\dataset\tbf_imgs\unfocused\FieldPos043\FieldPos043_page_10.png,0,0.38175398111343384,tbf_imgs
55,D:\Dineth\focus_binary_benchmark\dataset\tbf_imgs\unfocused\FieldPos043\FieldPos043_page_11.png,0,0.37806737422943115,tbf_imgs
55,D:\Dineth\focus_binary_benchmark\dataset\tbf_imgs\unfocused\FieldPos043\FieldPos043_page_12.png,0,0.3767310380935669,tbf_imgs
55,D:\Dineth\focus_binary_benchmark\dataset\tbf_imgs\unfocused\FieldPos043\FieldPos043_page_13.png,0,0.3762047290802002,tbf_imgs
55,D:\Dineth\focus_binary_benchmark\dataset\tbf_imgs\unfocused\FieldPos043\FieldPos043_page_14.png,0,0.3759491741657257,tbf_imgs
55,D:\Dineth\focus_binary_benchmark\dataset\tbf_imgs\unfocused\FieldPos043\FieldPos043_page_2.png,0,0.37572336196899414,tbf_imgs
55,D:\Dineth\focus_binary_benchmark\dataset\tbf_imgs\unfocused\FieldPos043\FieldPos043_page_3.png,0,0.3757230043411255,tbf_imgs
55,D:\Dineth\focus_binary_benchmark\dataset\tbf_imgs\unfocused\FieldPos043\FieldPos043_page_4.png,0,0.3767852485179901,tbf_imgs
55,D:\Dineth\focus_binary_benchmark\dataset\tbf_imgs\unfocused\FieldPos043\FieldPos043_page_5.png,0,0.37843742966651917,tbf_imgs
55,D:\Dineth\focus_binary_benchmark\dataset\tbf_imgs\unfocused\FieldPos043\FieldPos043_page_6.png,0,0.38210049271583557,tbf_imgs
55,D:\Dineth\focus_binary_benchmark\dataset\tbf_imgs\unfocused\FieldPos043 (2)\FieldPos043 (2)_page_1.png,0,0.37519264221191406,tbf_imgs
55,D:\Dineth\focus_binary_benchmark\dataset\tbf_imgs\unfocused\FieldPos043 (2)\FieldPos043 (2)_page_10.png,0,0.38175398111343384,tbf_imgs
55,D:\Dineth\focus_binary_benchmark\dataset\tbf_imgs\unfocused\FieldPos043 (2)\FieldPos043 (2)_page_11.png,0,0.37806737422943115,tbf_imgs
55,D:\Dineth\focus_binary_benchmark\dataset\tbf_imgs\unfocused\FieldPos043 (2)\FieldPos043 (2)_page_12.png,0,0.3767310380935669,tbf_imgs
55,D:\Dineth\focus_binary_benchmark\dataset\tbf_imgs\unfocused\FieldPos043 (2)\FieldPos043 (2)_page_13.png,0,0.3762047290802002,tbf_imgs
55,D:\Dineth\focus_binary_benchmark\dataset\tbf_imgs\unfocused\FieldPos043 (2)\FieldPos043 (2)_page_14.png,0,0.3759491741657257,tbf_imgs
55,D:\Dineth\focus_binary_benchmark\dataset\tbf_imgs\unfocused\FieldPos043 (2)\FieldPos043 (2)_page_2.png,0,0.37572336196899414,tbf_imgs
55,D:\Dineth\focus_binary_benchmark\dataset\tbf_imgs\unfocused\FieldPos043 (2)\FieldPos043 (2)_page_3.png,0,0.3757230043411255,tbf_imgs
55,D:\Dineth\focus_binary_benchmark\dataset\tbf_imgs\unfocused\FieldPos043 (2)\FieldPos043 (2)_page_4.png,0,0.3767852485179901,tbf_imgs
55,D:\Dineth\focus_binary_benchmark\dataset\tbf_imgs\unfocused\FieldPos043 (2)\FieldPos043 (2)_page_5.png,0,0.37843742966651917,tbf_imgs
55,D:\Dineth\focus_binary_benchmark\dataset\tbf_imgs\unfocused\FieldPos043 (2)\FieldPos043 (2)_page_6.png,0,0.38210049271583557,tbf_imgs
55,D:\Dineth\focus_binary_benchmark\dataset\tbf_imgs\unfocused\FieldPos050\FieldPos050_page_1.png,0,0.3834168612957001,tbf_imgs
55,D:\Dineth\focus_binary_benchmark\dataset\tbf_imgs\unfocused\FieldPos050\FieldPos050_page_10.png,0,0.3851676881313324,tbf_imgs
55,D:\Dineth\focus_binary_benchmark\dataset\tbf_imgs\unfocused\FieldPos050\FieldPos050_page_11.png,0,0.38429465889930725,tbf_imgs
55,D:\Dineth\focus_binary_benchmark\dataset\tbf_imgs\unfocused\FieldPos050\FieldPos050_page_12.png,0,0.38427621126174927,tbf_imgs
55,D:\Dineth\focus_binary_benchmark\dataset\tbf_imgs\unfocused\FieldPos050\FieldPos050_page_13.png,0,0.3834155797958374,tbf_imgs
55,D:\Dineth\focus_binary_benchmark\dataset\tbf_imgs\unfocused\FieldPos050\FieldPos050_page_14.png,0,0.3836131691932678,tbf_imgs
55,D:\Dineth\focus_binary_benchmark\dataset\tbf_imgs\unfocused\FieldPos050\FieldPos050_page_2.png,0,0.38343843817710876,tbf_imgs
55,D:\Dineth\focus_binary_benchmark\dataset\tbf_imgs\unfocused\FieldPos050\FieldPos050_page_3.png,0,0.3837016224861145,tbf_imgs
55,D:\Dineth\focus_binary_benchmark\dataset\tbf_imgs\unfocused\FieldPos050\FieldPos050_page_4.png,0,0.384931743144989,tbf_imgs
55,D:\Dineth\focus_binary_benchmark\dataset\tbf_imgs\unfocused\FieldPos050\FieldPos050_page_5.png,0,0.38788026571273804,tbf_imgs
55,D:\Dineth\focus_binary_benchmark\dataset\tbf_imgs\unfocused\FieldPos050\FieldPos050_page_9.png,0,0.3870736062526703,tbf_imgs
55,D:\Dineth\focus_binary_benchmark\dataset\tbf_imgs\unfocused\FieldPos053\FieldPos053_page_1.png,0,0.3952411115169525,tbf_imgs
55,D:\Dineth\focus_binary_benchmark\dataset\tbf_imgs\unfocused\FieldPos053\FieldPos053_page_10.png,0,0.3967122733592987,tbf_imgs
55,D:\Dineth\focus_binary_benchmark\dataset\tbf_imgs\unfocused\FieldPos053\FieldPos053_page_11.png,0,0.395904004573822,tbf_imgs
55,D:\Dineth\focus_binary_benchmark\dataset\tbf_imgs\unfocused\FieldPos053\FieldPos053_page_12.png,0,0.39614006876945496,tbf_imgs
55,D:\Dineth\focus_binary_benchmark\dataset\tbf_imgs\unfocused\FieldPos053\FieldPos053_page_13.png,0,0.39580219984054565,tbf_imgs
55,D:\Dineth\focus_binary_benchmark\dataset\tbf_imgs\unfocused\FieldPos053\FieldPos053_page_14.png,0,0.3956787586212158,tbf_imgs
55,D:\Dineth\focus_binary_benchmark\dataset\tbf_imgs\unfocused\FieldPos053\FieldPos053_page_2.png,0,0.3959122896194458,tbf_imgs
55,D:\Dineth\focus_binary_benchmark\dataset\tbf_imgs\unfocused\FieldPos053\FieldPos053_page_3.png,0,0.39629554748535156,tbf_imgs
55,D:\Dineth\focus_binary_benchmark\dataset\tbf_imgs\unfocused\FieldPos053\FieldPos053_page_4.png,0,0.3984186053276062,tbf_imgs
55,D:\Dineth\focus_binary_benchmark\dataset\tbf_imgs\unfocused\FieldPos053\FieldPos053_page_5.png,0,0.40350469946861267,tbf_imgs
55,D:\Dineth\focus_binary_benchmark\dataset\tbf_imgs\unfocused\FieldPos053\FieldPos053_page_9.png,0,0.3991957902908325,tbf_imgs
55,D:\Dineth\focus_binary_benchmark\dataset\tbf_imgs\unfocused\FieldPos082\FieldPos082_page_1.png,0,0.45922598242759705,tbf_imgs
55,D:\Dineth\focus_binary_benchmark\dataset\tbf_imgs\unfocused\FieldPos082\FieldPos082_page_10.png,0,0.4592188000679016,tbf_imgs
55,D:\Dineth\focus_binary_benchmark\dataset\tbf_imgs\unfocused\FieldPos082\FieldPos082_page_11.png,0,0.45993438363075256,tbf_imgs
55,D:\Dineth\focus_binary_benchmark\dataset\tbf_imgs\unfocused\FieldPos082\FieldPos082_page_12.png,0,0.45979151129722595,tbf_imgs
55,D:\Dineth\focus_binary_benchmark\dataset\tbf_imgs\unfocused\FieldPos082\FieldPos082_page_13.png,0,0.45952630043029785,tbf_imgs
55,D:\Dineth\focus_binary_benchmark\dataset\tbf_imgs\unfocused\FieldPos082\FieldPos082_page_14.png,0,0.45971348881721497,tbf_imgs
55,D:\Dineth\focus_binary_benchmark\dataset\tbf_imgs\unfocused\FieldPos082\FieldPos082_page_2.png,0,0.45925647020339966,tbf_imgs
55,D:\Dineth\focus_binary_benchmark\dataset\tbf_imgs\unfocused\FieldPos082\FieldPos082_page_3.png,0,0.46011781692504883,tbf_imgs
55,D:\Dineth\focus_binary_benchmark\dataset\tbf_imgs\unfocused\FieldPos082\FieldPos082_page_4.png,0,0.4617239832878113,tbf_imgs
55,D:\Dineth\focus_binary_benchmark\dataset\tbf_imgs\unfocused\FieldPos082\FieldPos082_page_8.png,0,0.4604150056838989,tbf_imgs
55,D:\Dineth\focus_binary_benchmark\dataset\tbf_imgs\unfocused\FieldPos082\FieldPos082_page_9.png,0,0.46037134528160095,tbf_imgs
55,D:\Dineth\focus_binary_benchmark\dataset\tbf_imgs\unfocused\FieldPos093\FieldPos093_page_1.png,0,0.38136157393455505,tbf_imgs
55,D:\Dineth\focus_binary_benchmark\dataset\tbf_imgs\unfocused\FieldPos093\FieldPos093_page_10.png,0,0.3815475404262543,tbf_imgs
55,D:\Dineth\focus_binary_benchmark\dataset\tbf_imgs\unfocused\FieldPos093\FieldPos093_page_11.png,0,0.3808997869491577,tbf_imgs
55,D:\Dineth\focus_binary_benchmark\dataset\tbf_imgs\unfocused\FieldPos093\FieldPos093_page_12.png,0,0.3807614743709564,tbf_imgs
55,D:\Dineth\focus_binary_benchmark\dataset\tbf_imgs\unfocused\FieldPos093\FieldPos093_page_13.png,0,0.3812442719936371,tbf_imgs
55,D:\Dineth\focus_binary_benchmark\dataset\tbf_imgs\unfocused\FieldPos093\FieldPos093_page_14.png,0,0.38100364804267883,tbf_imgs
55,D:\Dineth\focus_binary_benchmark\dataset\tbf_imgs\unfocused\FieldPos093\FieldPos093_page_2.png,0,0.38287121057510376,tbf_imgs
55,D:\Dineth\focus_binary_benchmark\dataset\tbf_imgs\unfocused\FieldPos093\FieldPos093_page_3.png,0,0.38581550121307373,tbf_imgs
55,D:\Dineth\focus_binary_benchmark\dataset\tbf_imgs\unfocused\FieldPos093\FieldPos093_page_7.png,0,0.390559583902359,tbf_imgs
55,D:\Dineth\focus_binary_benchmark\dataset\tbf_imgs\unfocused\FieldPos093\FieldPos093_page_8.png,0,0.38382193446159363,tbf_imgs
55,D:\Dineth\focus_binary_benchmark\dataset\tbf_imgs\unfocused\FieldPos093\FieldPos093_page_9.png,0,0.38187962770462036,tbf_imgs
55,D:\Dineth\focus_binary_benchmark\dataset\tbf_imgs\unfocused\FieldPos094\FieldPos094_page_1.png,0,0.3770189881324768,tbf_imgs
55,D:\Dineth\focus_binary_benchmark\dataset\tbf_imgs\unfocused\FieldPos094\FieldPos094_page_10.png,0,0.3773763179779053,tbf_imgs
55,D:\Dineth\focus_binary_benchmark\dataset\tbf_imgs\unfocused\FieldPos094\FieldPos094_page_11.png,0,0.3772718906402588,tbf_imgs
55,D:\Dineth\focus_binary_benchmark\dataset\tbf_imgs\unfocused\FieldPos094\FieldPos094_page_12.png,0,0.3777790367603302,tbf_imgs
55,D:\Dineth\focus_binary_benchmark\dataset\tbf_imgs\unfocused\FieldPos094\FieldPos094_page_13.png,0,0.37769338488578796,tbf_imgs
55,D:\Dineth\focus_binary_benchmark\dataset\tbf_imgs\unfocused\FieldPos094\FieldPos094_page_14.png,0,0.3781907260417938,tbf_imgs
55,D:\Dineth\focus_binary_benchmark\dataset\tbf_imgs\unfocused\FieldPos094\FieldPos094_page_2.png,0,0.3778877556324005,tbf_imgs
55,D:\Dineth\focus_binary_benchmark\dataset\tbf_imgs\unfocused\FieldPos094\FieldPos094_page_3.png,0,0.37897321581840515,tbf_imgs
55,D:\Dineth\focus_binary_benchmark\dataset\tbf_imgs\unfocused\FieldPos094\FieldPos094_page_4.png,0,0.3834722340106964,tbf_imgs
55,D:\Dineth\focus_binary_benchmark\dataset\tbf_imgs\unfocused\FieldPos094\FieldPos094_page_8.png,0,0.38086026906967163,tbf_imgs
55,D:\Dineth\focus_binary_benchmark\dataset\tbf_imgs\unfocused\FieldPos094\FieldPos094_page_9.png,0,0.3780501186847687,tbf_imgs
55,D:\Dineth\focus_binary_benchmark\dataset\tbf_imgs\unfocused\FieldPos096\FieldPos096_page_1.png,0,0.3829403519630432,tbf_imgs
55,D:\Dineth\focus_binary_benchmark\dataset\tbf_imgs\unfocused\FieldPos096\FieldPos096_page_10.png,0,0.38335269689559937,tbf_imgs
55,D:\Dineth\focus_binary_benchmark\dataset\tbf_imgs\unfocused\FieldPos096\FieldPos096_page_11.png,0,0.38292375206947327,tbf_imgs
55,D:\Dineth\focus_binary_benchmark\dataset\tbf_imgs\unfocused\FieldPos096\FieldPos096_page_12.png,0,0.3825865089893341,tbf_imgs
55,D:\Dineth\focus_binary_benchmark\dataset\tbf_imgs\unfocused\FieldPos096\FieldPos096_page_13.png,0,0.3823569118976593,tbf_imgs
55,D:\Dineth\focus_binary_benchmark\dataset\tbf_imgs\unfocused\FieldPos096\FieldPos096_page_14.png,0,0.38295426964759827,tbf_imgs
55,D:\Dineth\focus_binary_benchmark\dataset\tbf_imgs\unfocused\FieldPos096\FieldPos096_page_2.png,0,0.38440391421318054,tbf_imgs
55,D:\Dineth\focus_binary_benchmark\dataset\tbf_imgs\unfocused\FieldPos096\FieldPos096_page_3.png,0,0.386663556098938,tbf_imgs
55,D:\Dineth\focus_binary_benchmark\dataset\tbf_imgs\unfocused\FieldPos096\FieldPos096_page_4.png,0,0.39366787672042847,tbf_imgs
55,D:\Dineth\focus_binary_benchmark\dataset\tbf_imgs\unfocused\FieldPos096\FieldPos096_page_8.png,0,0.3879472613334656,tbf_imgs
55,D:\Dineth\focus_binary_benchmark\dataset\tbf_imgs\unfocused\FieldPos096\FieldPos096_page_9.png,0,0.3846738338470459,tbf_imgs
55,D:\Dineth\focus_binary_benchmark\dataset\tbf_imgs\unfocused\FieldPos099\FieldPos099_page_1.png,0,0.3768264651298523,tbf_imgs
55,D:\Dineth\focus_binary_benchmark\dataset\tbf_imgs\unfocused\FieldPos099\FieldPos099_page_10.png,0,0.3779022693634033,tbf_imgs
55,D:\Dineth\focus_binary_benchmark\dataset\tbf_imgs\unfocused\FieldPos099\FieldPos099_page_11.png,0,0.3779355585575104,tbf_imgs
55,D:\Dineth\focus_binary_benchmark\dataset\tbf_imgs\unfocused\FieldPos099\FieldPos099_page_12.png,0,0.3776114583015442,tbf_imgs
55,D:\Dineth\focus_binary_benchmark\dataset\tbf_imgs\unfocused\FieldPos099\FieldPos099_page_13.png,0,0.37746790051460266,tbf_imgs
55,D:\Dineth\focus_binary_benchmark\dataset\tbf_imgs\unfocused\FieldPos099\FieldPos099_page_14.png,0,0.3777002692222595,tbf_imgs
55,D:\Dineth\focus_binary_benchmark\dataset\tbf_imgs\unfocused\FieldPos099\FieldPos099_page_2.png,0,0.37761884927749634,tbf_imgs
55,D:\Dineth\focus_binary_benchmark\dataset\tbf_imgs\unfocused\FieldPos099\FieldPos099_page_3.png,0,0.3791617155075073,tbf_imgs
55,D:\Dineth\focus_binary_benchmark\dataset\tbf_imgs\unfocused\FieldPos099\FieldPos099_page_4.png,0,0.38320159912109375,tbf_imgs
55,D:\Dineth\focus_binary_benchmark\dataset\tbf_imgs\unfocused\FieldPos099\FieldPos099_page_8.png,0,0.38089537620544434,tbf_imgs
55,D:\Dineth\focus_binary_benchmark\dataset\tbf_imgs\unfocused\FieldPos099\FieldPos099_page_9.png,0,0.37894508242607117,tbf_imgs
55,D:\Dineth\focus_binary_benchmark\dataset\tbf_imgs\unfocused\FieldPos104\FieldPos104_page_1.png,0,0.39287424087524414,tbf_imgs
55,D:\Dineth\focus_binary_benchmark\dataset\tbf_imgs\unfocused\FieldPos104\FieldPos104_page_10.png,0,0.39517301321029663,tbf_imgs
55,D:\Dineth\focus_binary_benchmark\dataset\tbf_imgs\unfocused\FieldPos104\FieldPos104_page_11.png,0,0.39420974254608154,tbf_imgs
55,D:\Dineth\focus_binary_benchmark\dataset\tbf_imgs\unfocused\FieldPos104\FieldPos104_page_12.png,0,0.3933049142360687,tbf_imgs
55,D:\Dineth\focus_binary_benchmark\dataset\tbf_imgs\unfocused\FieldPos104\FieldPos104_page_13.png,0,0.3934764862060547,tbf_imgs
55,D:\Dineth\focus_binary_benchmark\dataset\tbf_imgs\unfocused\FieldPos104\FieldPos104_page_14.png,0,0.39285415410995483,tbf_imgs
55,D:\Dineth\focus_binary_benchmark\dataset\tbf_imgs\unfocused\FieldPos104\FieldPos104_page_2.png,0,0.3931245505809784,tbf_imgs
55,D:\Dineth\focus_binary_benchmark\dataset\tbf_imgs\unfocused\FieldPos104\FieldPos104_page_3.png,0,0.39369314908981323,tbf_imgs
55,D:\Dineth\focus_binary_benchmark\dataset\tbf_imgs\unfocused\FieldPos104\FieldPos104_page_4.png,0,0.39570850133895874,tbf_imgs
55,D:\Dineth\focus_binary_benchmark\dataset\tbf_imgs\unfocused\FieldPos104\FieldPos104_page_5.png,0,0.3988760709762573,tbf_imgs
55,D:\Dineth\focus_binary_benchmark\dataset\tbf_imgs\unfocused\FieldPos104\FieldPos104_page_9.png,0,0.3980713486671448,tbf_imgs
55,D:\Dineth\focus_binary_benchmark\dataset\tbf_imgs\unfocused\FieldPos107\FieldPos107_page_1.png,0,0.41199782490730286,tbf_imgs
55,D:\Dineth\focus_binary_benchmark\dataset\tbf_imgs\unfocused\FieldPos107\FieldPos107_page_10.png,0,0.4122958183288574,tbf_imgs
55,D:\Dineth\focus_binary_benchmark\dataset\tbf_imgs\unfocused\FieldPos107\FieldPos107_page_11.png,0,0.411478728055954,tbf_imgs
55,D:\Dineth\focus_binary_benchmark\dataset\tbf_imgs\unfocused\FieldPos107\FieldPos107_page_12.png,0,0.41210660338401794,tbf_imgs
55,D:\Dineth\focus_binary_benchmark\dataset\tbf_imgs\unfocused\FieldPos107\FieldPos107_page_13.png,0,0.41122299432754517,tbf_imgs
55,D:\Dineth\focus_binary_benchmark\dataset\tbf_imgs\unfocused\FieldPos107\FieldPos107_page_14.png,0,0.41176700592041016,tbf_imgs
55,D:\Dineth\focus_binary_benchmark\dataset\tbf_imgs\unfocused\FieldPos107\FieldPos107_page_2.png,0,0.4132719337940216,tbf_imgs
55,D:\Dineth\focus_binary_benchmark\dataset\tbf_imgs\unfocused\FieldPos107\FieldPos107_page_3.png,0,0.41712719202041626,tbf_imgs
55,D:\Dineth\focus_binary_benchmark\dataset\tbf_imgs\unfocused\FieldPos107\FieldPos107_page_7.png,0,0.4167042374610901,tbf_imgs
55,D:\Dineth\focus_binary_benchmark\dataset\tbf_imgs\unfocused\FieldPos107\FieldPos107_page_8.png,0,0.41372448205947876,tbf_imgs
55,D:\Dineth\focus_binary_benchmark\dataset\tbf_imgs\unfocused\FieldPos107\FieldPos107_page_9.png,0,0.4120742678642273,tbf_imgs
55,D:\Dineth\focus_binary_benchmark\dataset\tbf_imgs\unfocused\FieldPos109\FieldPos109_page_1.png,0,0.4825342893600464,tbf_imgs
55,D:\Dineth\focus_binary_benchmark\dataset\tbf_imgs\unfocused\FieldPos109\FieldPos109_page_10.png,0,0.48198607563972473,tbf_imgs
55,D:\Dineth\focus_binary_benchmark\dataset\tbf_imgs\unfocused\FieldPos109\FieldPos109_page_11.png,0,0.4826950132846832,tbf_imgs
55,D:\Dineth\focus_binary_benchmark\dataset\tbf_imgs\unfocused\FieldPos109\FieldPos109_page_12.png,0,0.4829730987548828,tbf_imgs
55,D:\Dineth\focus_binary_benchmark\dataset\tbf_imgs\unfocused\FieldPos109\FieldPos109_page_13.png,0,0.48283833265304565,tbf_imgs
55,D:\Dineth\focus_binary_benchmark\dataset\tbf_imgs\unfocused\FieldPos109\FieldPos109_page_14.png,0,0.482842355966568,tbf_imgs
55,D:\Dineth\focus_binary_benchmark\dataset\tbf_imgs\unfocused\FieldPos109\FieldPos109_page_2.png,0,0.4829131066799164,tbf_imgs
55,D:\Dineth\focus_binary_benchmark\dataset\tbf_imgs\unfocused\FieldPos109\FieldPos109_page_3.png,0,0.48334425687789917,tbf_imgs
55,D:\Dineth\focus_binary_benchmark\dataset\tbf_imgs\unfocused\FieldPos109\FieldPos109_page_7.png,0,0.48304522037506104,tbf_imgs
55,D:\Dineth\focus_binary_benchmark\dataset\tbf_imgs\unfocused\FieldPos109\FieldPos109_page_8.png,0,0.4827074110507965,tbf_imgs
55,D:\Dineth\focus_binary_benchmark\dataset\tbf_imgs\unfocused\FieldPos109\FieldPos109_page_9.png,0,0.4831194579601288,tbf_imgs
55,D:\Dineth\focus_binary_benchmark\dataset\tbf_imgs\unfocused\FieldPos123\FieldPos123_page_1.png,0,0.40782544016838074,tbf_imgs
55,D:\Dineth\focus_binary_benchmark\dataset\tbf_imgs\unfocused\FieldPos123\FieldPos123_page_10.png,0,0.40773147344589233,tbf_imgs
55,D:\Dineth\focus_binary_benchmark\dataset\tbf_imgs\unfocused\FieldPos123\FieldPos123_page_11.png,0,0.4071418344974518,tbf_imgs
55,D:\Dineth\focus_binary_benchmark\dataset\tbf_imgs\unfocused\FieldPos123\FieldPos123_page_12.png,0,0.40728530287742615,tbf_imgs
55,D:\Dineth\focus_binary_benchmark\dataset\tbf_imgs\unfocused\FieldPos123\FieldPos123_page_13.png,0,0.4072493016719818,tbf_imgs
55,D:\Dineth\focus_binary_benchmark\dataset\tbf_imgs\unfocused\FieldPos123\FieldPos123_page_14.png,0,0.4071372151374817,tbf_imgs
55,D:\Dineth\focus_binary_benchmark\dataset\tbf_imgs\unfocused\FieldPos123\FieldPos123_page_2.png,0,0.40850764513015747,tbf_imgs
55,D:\Dineth\focus_binary_benchmark\dataset\tbf_imgs\unfocused\FieldPos123\FieldPos123_page_3.png,0,0.41049325466156006,tbf_imgs
55,D:\Dineth\focus_binary_benchmark\dataset\tbf_imgs\unfocused\FieldPos123\FieldPos123_page_7.png,0,0.4137565493583679,tbf_imgs
55,D:\Dineth\focus_binary_benchmark\dataset\tbf_imgs\unfocused\FieldPos123\FieldPos123_page_8.png,0,0.40958812832832336,tbf_imgs
55,D:\Dineth\focus_binary_benchmark\dataset\tbf_imgs\unfocused\FieldPos123\FieldPos123_page_9.png,0,0.40838107466697693,tbf_imgs
55,D:\Dineth\focus_binary_benchmark\dataset\tbf_imgs\unfocused\FieldPos211\FieldPos211_page_1.png,0,0.40194571018218994,tbf_imgs
55,D:\Dineth\focus_binary_benchmark\dataset\tbf_imgs\unfocused\FieldPos211\FieldPos211_page_10.png,0,0.40180227160453796,tbf_imgs
55,D:\Dineth\focus_binary_benchmark\dataset\tbf_imgs\unfocused\FieldPos211\FieldPos211_page_11.png,0,0.4019060432910919,tbf_imgs
55,D:\Dineth\focus_binary_benchmark\dataset\tbf_imgs\unfocused\FieldPos211\FieldPos211_page_12.png,0,0.40117013454437256,tbf_imgs
55,D:\Dineth\focus_binary_benchmark\dataset\tbf_imgs\unfocused\FieldPos211\FieldPos211_page_13.png,0,0.40136075019836426,tbf_imgs
55,D:\Dineth\focus_binary_benchmark\dataset\tbf_imgs\unfocused\FieldPos211\FieldPos211_page_14.png,0,0.4013988971710205,tbf_imgs
55,D:\Dineth\focus_binary_benchmark\dataset\tbf_imgs\unfocused\FieldPos211\FieldPos211_page_2.png,0,0.4032151997089386,tbf_imgs
55,D:\Dineth\focus_binary_benchmark\dataset\tbf_imgs\unfocused\FieldPos211\FieldPos211_page_3.png,0,0.4063056409358978,tbf_imgs
55,D:\Dineth\focus_binary_benchmark\dataset\tbf_imgs\unfocused\FieldPos211\FieldPos211_page_4.png,0,0.41279375553131104,tbf_imgs
55,D:\Dineth\focus_binary_benchmark\dataset\tbf_imgs\unfocused\FieldPos211\FieldPos211_page_8.png,0,0.40758299827575684,tbf_imgs
55,D:\Dineth\focus_binary_benchmark\dataset\tbf_imgs\unfocused\FieldPos211\FieldPos211_page_9.png,0,0.4029194712638855,tbf_imgs
55,D:\Dineth\focus_binary_benchmark\dataset\TBSI\focused\HH7\HH7 (6).JPG,1,0.937402069568634,TBSI
55,D:\Dineth\focus_binary_benchmark\dataset\TBSI\focused\HH8\HH8 (6).JPG,1,0.8810800909996033,TBSI
55,D:\Dineth\focus_binary_benchmark\dataset\TBSI\focused\HL10\HL10 (6).JPG,1,0.8087021708488464,TBSI
55,D:\Dineth\focus_binary_benchmark\dataset\TBSI\focused\HL8\HL8 (6).JPG,1,0.8709438443183899,TBSI
55,D:\Dineth\focus_binary_benchmark\dataset\TBSI\focused\HL9\HL9 (6).JPG,1,0.7861571907997131,TBSI
55,D:\Dineth\focus_binary_benchmark\dataset\TBSI\unfocused\HH7\HH7 (1).JPG,0,0.24595822393894196,TBSI
55,D:\Dineth\focus_binary_benchmark\dataset\TBSI\unfocused\HH7\HH7 (10).JPG,0,0.23672759532928467,TBSI
55,D:\Dineth\focus_binary_benchmark\dataset\TBSI\unfocused\HH7\HH7 (2).JPG,0,0.2206205576658249,TBSI
55,D:\Dineth\focus_binary_benchmark\dataset\TBSI\unfocused\HH7\HH7 (3).JPG,0,0.2194763720035553,TBSI
55,D:\Dineth\focus_binary_benchmark\dataset\TBSI\unfocused\HH7\HH7 (4).JPG,0,0.24408578872680664,TBSI
55,D:\Dineth\focus_binary_benchmark\dataset\TBSI\unfocused\HH7\HH7 (8).JPG,0,0.35272711515426636,TBSI
55,D:\Dineth\focus_binary_benchmark\dataset\TBSI\unfocused\HH7\HH7 (9).JPG,0,0.25183430314064026,TBSI
55,D:\Dineth\focus_binary_benchmark\dataset\TBSI\unfocused\HH8\HH8 (1).JPG,0,0.24463729560375214,TBSI
55,D:\Dineth\focus_binary_benchmark\dataset\TBSI\unfocused\HH8\HH8 (10).JPG,0,0.2523098587989807,TBSI
55,D:\Dineth\focus_binary_benchmark\dataset\TBSI\unfocused\HH8\HH8 (2).JPG,0,0.2648572027683258,TBSI
55,D:\Dineth\focus_binary_benchmark\dataset\TBSI\unfocused\HH8\HH8 (3).JPG,0,0.2551012933254242,TBSI
55,D:\Dineth\focus_binary_benchmark\dataset\TBSI\unfocused\HH8\HH8 (4).JPG,0,0.2567543685436249,TBSI
55,D:\Dineth\focus_binary_benchmark\dataset\TBSI\unfocused\HH8\HH8 (8).JPG,0,0.2865568995475769,TBSI
55,D:\Dineth\focus_binary_benchmark\dataset\TBSI\unfocused\HH8\HH8 (9).JPG,0,0.23746810853481293,TBSI
55,D:\Dineth\focus_binary_benchmark\dataset\TBSI\unfocused\HL10\HL10 (1).JPG,0,0.5753742456436157,TBSI
55,D:\Dineth\focus_binary_benchmark\dataset\TBSI\unfocused\HL10\HL10 (10).JPG,0,0.5842864513397217,TBSI
55,D:\Dineth\focus_binary_benchmark\dataset\TBSI\unfocused\HL10\HL10 (2).JPG,0,0.5753742456436157,TBSI
55,D:\Dineth\focus_binary_benchmark\dataset\TBSI\unfocused\HL10\HL10 (3).JPG,0,0.5847406387329102,TBSI
55,D:\Dineth\focus_binary_benchmark\dataset\TBSI\unfocused\HL10\HL10 (4).JPG,0,0.6234959363937378,TBSI
55,D:\Dineth\focus_binary_benchmark\dataset\TBSI\unfocused\HL10\HL10 (8).JPG,0,0.616200864315033,TBSI
55,D:\Dineth\focus_binary_benchmark\dataset\TBSI\unfocused\HL10\HL10 (9).JPG,0,0.5798102617263794,TBSI
55,D:\Dineth\focus_binary_benchmark\dataset\TBSI\unfocused\HL8\HL8 (1).JPG,0,0.6477419137954712,TBSI
55,D:\Dineth\focus_binary_benchmark\dataset\TBSI\unfocused\HL8\HL8 (10).JPG,0,0.6552557349205017,TBSI
55,D:\Dineth\focus_binary_benchmark\dataset\TBSI\unfocused\HL8\HL8 (2).JPG,0,0.6477419137954712,TBSI
55,D:\Dineth\focus_binary_benchmark\dataset\TBSI\unfocused\HL8\HL8 (3).JPG,0,0.6707721948623657,TBSI
55,D:\Dineth\focus_binary_benchmark\dataset\TBSI\unfocused\HL8\HL8 (4).JPG,0,0.6894018054008484,TBSI
55,D:\Dineth\focus_binary_benchmark\dataset\TBSI\unfocused\HL8\HL8 (8).JPG,0,0.6765579581260681,TBSI
55,D:\Dineth\focus_binary_benchmark\dataset\TBSI\unfocused\HL8\HL8 (9).JPG,0,0.6589248776435852,TBSI
55,D:\Dineth\focus_binary_benchmark\dataset\TBSI\unfocused\HL9\HL9 (1).JPG,0,0.6351561546325684,TBSI
55,D:\Dineth\focus_binary_benchmark\dataset\TBSI\unfocused\HL9\HL9 (10).JPG,0,0.6243859529495239,TBSI
55,D:\Dineth\focus_binary_benchmark\dataset\TBSI\unfocused\HL9\HL9 (2).JPG,0,0.6351560950279236,TBSI
55,D:\Dineth\focus_binary_benchmark\dataset\TBSI\unfocused\HL9\HL9 (3).JPG,0,0.632603645324707,TBSI
55,D:\Dineth\focus_binary_benchmark\dataset\TBSI\unfocused\HL9\HL9 (4).JPG,0,0.6632492542266846,TBSI
55,D:\Dineth\focus_binary_benchmark\dataset\TBSI\unfocused\HL9\HL9 (8).JPG,0,0.6557579040527344,TBSI
55,D:\Dineth\focus_binary_benchmark\dataset\TBSI\unfocused\HL9\HL9 (9).JPG,0,0.6348815560340881,TBSI
55,D:\Dineth\focus_binary_benchmark\dataset\wbc\focused\1\1_6.jpg,1,0.541153073310852,wbc
55,D:\Dineth\focus_binary_benchmark\dataset\wbc\focused\100\100_5.jpg,1,0.8893644213676453,wbc
55,D:\Dineth\focus_binary_benchmark\dataset\wbc\focused\103\103_6.jpg,1,0.8874819874763489,wbc
55,D:\Dineth\focus_binary_benchmark\dataset\wbc\focused\104\104_6.jpg,1,0.7783858180046082,wbc
55,D:\Dineth\focus_binary_benchmark\dataset\wbc\focused\111\111_6.jpg,1,0.9064528942108154,wbc
55,D:\Dineth\focus_binary_benchmark\dataset\wbc\focused\115\115_7.jpg,1,0.8496984243392944,wbc
55,D:\Dineth\focus_binary_benchmark\dataset\wbc\focused\126\126_6.jpg,1,0.9279059171676636,wbc
55,D:\Dineth\focus_binary_benchmark\dataset\wbc\focused\130\130_6.jpg,1,0.9241309762001038,wbc
55,D:\Dineth\focus_binary_benchmark\dataset\wbc\focused\19\19_5.jpg,1,0.8753095865249634,wbc
55,D:\Dineth\focus_binary_benchmark\dataset\wbc\focused\24\24_6.jpg,1,0.9504780173301697,wbc
55,D:\Dineth\focus_binary_benchmark\dataset\wbc\focused\29\29_6.jpg,1,0.9538081884384155,wbc
55,D:\Dineth\focus_binary_benchmark\dataset\wbc\focused\3\3_5.jpg,1,0.89298415184021,wbc
55,D:\Dineth\focus_binary_benchmark\dataset\wbc\focused\33\33_6.jpg,1,0.7858916521072388,wbc
55,D:\Dineth\focus_binary_benchmark\dataset\wbc\focused\44\44_6.jpg,1,0.9714703559875488,wbc
55,D:\Dineth\focus_binary_benchmark\dataset\wbc\focused\45\45_6.jpg,1,0.9586663246154785,wbc
55,D:\Dineth\focus_binary_benchmark\dataset\wbc\focused\46\46_6.jpg,1,0.9151633977890015,wbc
55,D:\Dineth\focus_binary_benchmark\dataset\wbc\focused\5\5_6.jpg,1,0.8508817553520203,wbc
55,D:\Dineth\focus_binary_benchmark\dataset\wbc\focused\88\88_6.jpg,1,0.900521993637085,wbc
55,D:\Dineth\focus_binary_benchmark\dataset\wbc\focused\91\91_6.jpg,1,0.905116081237793,wbc
55,D:\Dineth\focus_binary_benchmark\dataset\wbc\focused\96\96_6.jpg,1,0.8531901240348816,wbc
55,D:\Dineth\focus_binary_benchmark\dataset\wbc\focused\97\97_5.jpg,1,0.9326486587524414,wbc
55,D:\Dineth\focus_binary_benchmark\dataset\wbc\focused\99\99_6.jpg,1,0.925015926361084,wbc
55,D:\Dineth\focus_binary_benchmark\dataset\wbc\unfocused\1\1_0.jpg,0,0.010509918443858624,wbc
55,D:\Dineth\focus_binary_benchmark\dataset\wbc\unfocused\1\1_1.jpg,0,0.011208737269043922,wbc
55,D:\Dineth\focus_binary_benchmark\dataset\wbc\unfocused\1\1_2.jpg,0,0.012595641426742077,wbc
55,D:\Dineth\focus_binary_benchmark\dataset\wbc\unfocused\1\1_3.jpg,0,0.015632566064596176,wbc
55,D:\Dineth\focus_binary_benchmark\dataset\wbc\unfocused\1\1_4.jpg,0,0.022535519674420357,wbc
55,D:\Dineth\focus_binary_benchmark\dataset\wbc\unfocused\1\1_8.jpg,0,0.036339644342660904,wbc
55,D:\Dineth\focus_binary_benchmark\dataset\wbc\unfocused\1\1_9.jpg,0,0.013854758813977242,wbc
55,D:\Dineth\focus_binary_benchmark\dataset\wbc\unfocused\100\100_0.jpg,0,0.013734824024140835,wbc
55,D:\Dineth\focus_binary_benchmark\dataset\wbc\unfocused\100\100_1.jpg,0,0.017291227355599403,wbc
55,D:\Dineth\focus_binary_benchmark\dataset\wbc\unfocused\100\100_2.jpg,0,0.022846423089504242,wbc
55,D:\Dineth\focus_binary_benchmark\dataset\wbc\unfocused\100\100_3.jpg,0,0.06020691990852356,wbc
55,D:\Dineth\focus_binary_benchmark\dataset\wbc\unfocused\100\100_7.jpg,0,0.04462920501828194,wbc
55,D:\Dineth\focus_binary_benchmark\dataset\wbc\unfocused\100\100_8.jpg,0,0.012803650461137295,wbc
55,D:\Dineth\focus_binary_benchmark\dataset\wbc\unfocused\100\100_9.jpg,0,0.009810367599129677,wbc
55,D:\Dineth\focus_binary_benchmark\dataset\wbc\unfocused\103\103_0.jpg,0,0.011623288504779339,wbc
55,D:\Dineth\focus_binary_benchmark\dataset\wbc\unfocused\103\103_1.jpg,0,0.013194541446864605,wbc
55,D:\Dineth\focus_binary_benchmark\dataset\wbc\unfocused\103\103_2.jpg,0,0.015715032815933228,wbc
55,D:\Dineth\focus_binary_benchmark\dataset\wbc\unfocused\103\103_3.jpg,0,0.017811469733715057,wbc
55,D:\Dineth\focus_binary_benchmark\dataset\wbc\unfocused\103\103_4.jpg,0,0.035833973437547684,wbc
55,D:\Dineth\focus_binary_benchmark\dataset\wbc\unfocused\103\103_8.jpg,0,0.05906560271978378,wbc
55,D:\Dineth\focus_binary_benchmark\dataset\wbc\unfocused\103\103_9.jpg,0,0.012150615453720093,wbc
55,D:\Dineth\focus_binary_benchmark\dataset\wbc\unfocused\104\104_0.jpg,0,0.014774554409086704,wbc
55,D:\Dineth\focus_binary_benchmark\dataset\wbc\unfocused\104\104_1.jpg,0,0.01372544839978218,wbc
55,D:\Dineth\focus_binary_benchmark\dataset\wbc\unfocused\104\104_2.jpg,0,0.015705810859799385,wbc
55,D:\Dineth\focus_binary_benchmark\dataset\wbc\unfocused\104\104_3.jpg,0,0.0178116112947464,wbc
55,D:\Dineth\focus_binary_benchmark\dataset\wbc\unfocused\104\104_4.jpg,0,0.02418818511068821,wbc
55,D:\Dineth\focus_binary_benchmark\dataset\wbc\unfocused\104\104_8.jpg,0,0.049096379429101944,wbc
55,D:\Dineth\focus_binary_benchmark\dataset\wbc\unfocused\104\104_9.jpg,0,0.01454174891114235,wbc
55,D:\Dineth\focus_binary_benchmark\dataset\wbc\unfocused\111\111_0.jpg,0,0.010675622150301933,wbc
55,D:\Dineth\focus_binary_benchmark\dataset\wbc\unfocused\111\111_1.jpg,0,0.012434759177267551,wbc
55,D:\Dineth\focus_binary_benchmark\dataset\wbc\unfocused\111\111_2.jpg,0,0.016367118805646896,wbc
55,D:\Dineth\focus_binary_benchmark\dataset\wbc\unfocused\111\111_3.jpg,0,0.019289063289761543,wbc
55,D:\Dineth\focus_binary_benchmark\dataset\wbc\unfocused\111\111_4.jpg,0,0.06173279136419296,wbc
55,D:\Dineth\focus_binary_benchmark\dataset\wbc\unfocused\111\111_8.jpg,0,0.9343608617782593,wbc
55,D:\Dineth\focus_binary_benchmark\dataset\wbc\unfocused\111\111_9.jpg,0,0.12126082181930542,wbc
55,D:\Dineth\focus_binary_benchmark\dataset\wbc\unfocused\115\115_0.jpg,0,0.011408456601202488,wbc
55,D:\Dineth\focus_binary_benchmark\dataset\wbc\unfocused\115\115_1.jpg,0,0.012108676135540009,wbc
55,D:\Dineth\focus_binary_benchmark\dataset\wbc\unfocused\115\115_2.jpg,0,0.013877082616090775,wbc
55,D:\Dineth\focus_binary_benchmark\dataset\wbc\unfocused\115\115_3.jpg,0,0.016364073380827904,wbc
55,D:\Dineth\focus_binary_benchmark\dataset\wbc\unfocused\115\115_4.jpg,0,0.023890767246484756,wbc
55,D:\Dineth\focus_binary_benchmark\dataset\wbc\unfocused\115\115_5.jpg,0,0.1364794671535492,wbc
55,D:\Dineth\focus_binary_benchmark\dataset\wbc\unfocused\115\115_9.jpg,0,0.024108026176691055,wbc
55,D:\Dineth\focus_binary_benchmark\dataset\wbc\unfocused\126\126_0.jpg,0,0.009781057946383953,wbc
55,D:\Dineth\focus_binary_benchmark\dataset\wbc\unfocused\126\126_1.jpg,0,0.01267898641526699,wbc
55,D:\Dineth\focus_binary_benchmark\dataset\wbc\unfocused\126\126_2.jpg,0,0.016592197120189667,wbc
55,D:\Dineth\focus_binary_benchmark\dataset\wbc\unfocused\126\126_3.jpg,0,0.025024356320500374,wbc
55,D:\Dineth\focus_binary_benchmark\dataset\wbc\unfocused\126\126_4.jpg,0,0.23872683942317963,wbc
55,D:\Dineth\focus_binary_benchmark\dataset\wbc\unfocused\126\126_8.jpg,0,0.05034825950860977,wbc
55,D:\Dineth\focus_binary_benchmark\dataset\wbc\unfocused\126\126_9.jpg,0,0.011334351263940334,wbc
55,D:\Dineth\focus_binary_benchmark\dataset\wbc\unfocused\130\130_0.jpg,0,0.009642673656344414,wbc
55,D:\Dineth\focus_binary_benchmark\dataset\wbc\unfocused\130\130_1.jpg,0,0.012032154016196728,wbc
55,D:\Dineth\focus_binary_benchmark\dataset\wbc\unfocused\130\130_2.jpg,0,0.018604563549160957,wbc
55,D:\Dineth\focus_binary_benchmark\dataset\wbc\unfocused\130\130_3.jpg,0,0.06433087587356567,wbc
55,D:\Dineth\focus_binary_benchmark\dataset\wbc\unfocused\130\130_4.jpg,0,0.8554272055625916,wbc
55,D:\Dineth\focus_binary_benchmark\dataset\wbc\unfocused\130\130_8.jpg,0,0.13436053693294525,wbc
55,D:\Dineth\focus_binary_benchmark\dataset\wbc\unfocused\130\130_9.jpg,0,0.01849864237010479,wbc
55,D:\Dineth\focus_binary_benchmark\dataset\wbc\unfocused\19\19_0.jpg,0,0.01298385951668024,wbc
55,D:\Dineth\focus_binary_benchmark\dataset\wbc\unfocused\19\19_1.jpg,0,0.016303494572639465,wbc
55,D:\Dineth\focus_binary_benchmark\dataset\wbc\unfocused\19\19_2.jpg,0,0.01684628799557686,wbc
55,D:\Dineth\focus_binary_benchmark\dataset\wbc\unfocused\19\19_3.jpg,0,0.062267135828733444,wbc
55,D:\Dineth\focus_binary_benchmark\dataset\wbc\unfocused\19\19_7.jpg,0,0.22585973143577576,wbc
55,D:\Dineth\focus_binary_benchmark\dataset\wbc\unfocused\19\19_8.jpg,0,0.017350703477859497,wbc
55,D:\Dineth\focus_binary_benchmark\dataset\wbc\unfocused\19\19_9.jpg,0,0.010900943540036678,wbc
55,D:\Dineth\focus_binary_benchmark\dataset\wbc\unfocused\24\24_0.jpg,0,0.01089447271078825,wbc
55,D:\Dineth\focus_binary_benchmark\dataset\wbc\unfocused\24\24_1.jpg,0,0.011088504455983639,wbc
55,D:\Dineth\focus_binary_benchmark\dataset\wbc\unfocused\24\24_2.jpg,0,0.015552881173789501,wbc
55,D:\Dineth\focus_binary_benchmark\dataset\wbc\unfocused\24\24_3.jpg,0,0.021323921158909798,wbc
55,D:\Dineth\focus_binary_benchmark\dataset\wbc\unfocused\24\24_4.jpg,0,0.13829515874385834,wbc
55,D:\Dineth\focus_binary_benchmark\dataset\wbc\unfocused\24\24_8.jpg,0,0.027579866349697113,wbc
55,D:\Dineth\focus_binary_benchmark\dataset\wbc\unfocused\24\24_9.jpg,0,0.009533321484923363,wbc
55,D:\Dineth\focus_binary_benchmark\dataset\wbc\unfocused\29\29_0.jpg,0,0.01057774294167757,wbc
55,D:\Dineth\focus_binary_benchmark\dataset\wbc\unfocused\29\29_1.jpg,0,0.014172165654599667,wbc
55,D:\Dineth\focus_binary_benchmark\dataset\wbc\unfocused\29\29_2.jpg,0,0.011995816603302956,wbc
55,D:\Dineth\focus_binary_benchmark\dataset\wbc\unfocused\29\29_3.jpg,0,0.03419308364391327,wbc
55,D:\Dineth\focus_binary_benchmark\dataset\wbc\unfocused\29\29_4.jpg,0,0.8587943315505981,wbc
55,D:\Dineth\focus_binary_benchmark\dataset\wbc\unfocused\29\29_8.jpg,0,0.1610485464334488,wbc
55,D:\Dineth\focus_binary_benchmark\dataset\wbc\unfocused\29\29_9.jpg,0,0.011144286952912807,wbc
55,D:\Dineth\focus_binary_benchmark\dataset\wbc\unfocused\3\3_0.jpg,0,0.011761327274143696,wbc
55,D:\Dineth\focus_binary_benchmark\dataset\wbc\unfocused\3\3_1.jpg,0,0.01430987287312746,wbc
55,D:\Dineth\focus_binary_benchmark\dataset\wbc\unfocused\3\3_2.jpg,0,0.01736793853342533,wbc
55,D:\Dineth\focus_binary_benchmark\dataset\wbc\unfocused\3\3_3.jpg,0,0.03258300572633743,wbc
55,D:\Dineth\focus_binary_benchmark\dataset\wbc\unfocused\3\3_7.jpg,0,0.8146203756332397,wbc
55,D:\Dineth\focus_binary_benchmark\dataset\wbc\unfocused\3\3_8.jpg,0,0.044065047055482864,wbc
55,D:\Dineth\focus_binary_benchmark\dataset\wbc\unfocused\3\3_9.jpg,0,0.01217205636203289,wbc
55,D:\Dineth\focus_binary_benchmark\dataset\wbc\unfocused\33\33_0.jpg,0,0.011821573600172997,wbc
55,D:\Dineth\focus_binary_benchmark\dataset\wbc\unfocused\33\33_1.jpg,0,0.012483377940952778,wbc
55,D:\Dineth\focus_binary_benchmark\dataset\wbc\unfocused\33\33_2.jpg,0,0.015128718689084053,wbc
55,D:\Dineth\focus_binary_benchmark\dataset\wbc\unfocused\33\33_3.jpg,0,0.019504932686686516,wbc
55,D:\Dineth\focus_binary_benchmark\dataset\wbc\unfocused\33\33_4.jpg,0,0.03902040794491768,wbc
55,D:\Dineth\focus_binary_benchmark\dataset\wbc\unfocused\33\33_8.jpg,0,0.14122755825519562,wbc
55,D:\Dineth\focus_binary_benchmark\dataset\wbc\unfocused\33\33_9.jpg,0,0.016926635056734085,wbc
55,D:\Dineth\focus_binary_benchmark\dataset\wbc\unfocused\44\44_0.jpg,0,0.010677607730031013,wbc
55,D:\Dineth\focus_binary_benchmark\dataset\wbc\unfocused\44\44_1.jpg,0,0.01646900177001953,wbc
55,D:\Dineth\focus_binary_benchmark\dataset\wbc\unfocused\44\44_2.jpg,0,0.08668898046016693,wbc
55,D:\Dineth\focus_binary_benchmark\dataset\wbc\unfocused\44\44_3.jpg,0,0.3905127942562103,wbc
55,D:\Dineth\focus_binary_benchmark\dataset\wbc\unfocused\44\44_4.jpg,0,0.951239287853241,wbc
55,D:\Dineth\focus_binary_benchmark\dataset\wbc\unfocused\44\44_8.jpg,0,0.15165366232395172,wbc
55,D:\Dineth\focus_binary_benchmark\dataset\wbc\unfocused\44\44_9.jpg,0,0.010313346982002258,wbc
55,D:\Dineth\focus_binary_benchmark\dataset\wbc\unfocused\45\45_0.jpg,0,0.0091932974755764,wbc
55,D:\Dineth\focus_binary_benchmark\dataset\wbc\unfocused\45\45_1.jpg,0,0.011091134510934353,wbc
55,D:\Dineth\focus_binary_benchmark\dataset\wbc\unfocused\45\45_2.jpg,0,0.01802310161292553,wbc
55,D:\Dineth\focus_binary_benchmark\dataset\wbc\unfocused\45\45_3.jpg,0,0.031347014009952545,wbc
55,D:\Dineth\focus_binary_benchmark\dataset\wbc\unfocused\45\45_4.jpg,0,0.10345970839262009,wbc
55,D:\Dineth\focus_binary_benchmark\dataset\wbc\unfocused\45\45_8.jpg,0,0.07397167384624481,wbc
55,D:\Dineth\focus_binary_benchmark\dataset\wbc\unfocused\45\45_9.jpg,0,0.009534438140690327,wbc
55,D:\Dineth\focus_binary_benchmark\dataset\wbc\unfocused\46\46_0.jpg,0,0.01715446263551712,wbc
55,D:\Dineth\focus_binary_benchmark\dataset\wbc\unfocused\46\46_1.jpg,0,0.01538520772010088,wbc
55,D:\Dineth\focus_binary_benchmark\dataset\wbc\unfocused\46\46_2.jpg,0,0.018020449206233025,wbc
55,D:\Dineth\focus_binary_benchmark\dataset\wbc\unfocused\46\46_3.jpg,0,0.024688884615898132,wbc
55,D:\Dineth\focus_binary_benchmark\dataset\wbc\unfocused\46\46_4.jpg,0,0.320080429315567,wbc
55,D:\Dineth\focus_binary_benchmark\dataset\wbc\unfocused\46\46_8.jpg,0,0.02190723642706871,wbc
55,D:\Dineth\focus_binary_benchmark\dataset\wbc\unfocused\46\46_9.jpg,0,0.010063203983008862,wbc
55,D:\Dineth\focus_binary_benchmark\dataset\wbc\unfocused\5\5_0.jpg,0,0.01233149878680706,wbc
55,D:\Dineth\focus_binary_benchmark\dataset\wbc\unfocused\5\5_1.jpg,0,0.01478549838066101,wbc
55,D:\Dineth\focus_binary_benchmark\dataset\wbc\unfocused\5\5_2.jpg,0,0.01840883493423462,wbc
55,D:\Dineth\focus_binary_benchmark\dataset\wbc\unfocused\5\5_3.jpg,0,0.022168565541505814,wbc
55,D:\Dineth\focus_binary_benchmark\dataset\wbc\unfocused\5\5_4.jpg,0,0.11020580679178238,wbc
55,D:\Dineth\focus_binary_benchmark\dataset\wbc\unfocused\5\5_8.jpg,0,0.060389816761016846,wbc
55,D:\Dineth\focus_binary_benchmark\dataset\wbc\unfocused\5\5_9.jpg,0,0.014809779822826385,wbc
55,D:\Dineth\focus_binary_benchmark\dataset\wbc\unfocused\88\88_0.jpg,0,0.010898193344473839,wbc
55,D:\Dineth\focus_binary_benchmark\dataset\wbc\unfocused\88\88_1.jpg,0,0.012236611917614937,wbc
55,D:\Dineth\focus_binary_benchmark\dataset\wbc\unfocused\88\88_2.jpg,0,0.015562024898827076,wbc
55,D:\Dineth\focus_binary_benchmark\dataset\wbc\unfocused\88\88_3.jpg,0,0.018837403506040573,wbc
55,D:\Dineth\focus_binary_benchmark\dataset\wbc\unfocused\88\88_4.jpg,0,0.04165065661072731,wbc
55,D:\Dineth\focus_binary_benchmark\dataset\wbc\unfocused\88\88_8.jpg,0,0.09333052486181259,wbc
55,D:\Dineth\focus_binary_benchmark\dataset\wbc\unfocused\88\88_9.jpg,0,0.01470078807324171,wbc
55,D:\Dineth\focus_binary_benchmark\dataset\wbc\unfocused\91\91_0.jpg,0,0.01063199806958437,wbc
55,D:\Dineth\focus_binary_benchmark\dataset\wbc\unfocused\91\91_1.jpg,0,0.012387644499540329,wbc
55,D:\Dineth\focus_binary_benchmark\dataset\wbc\unfocused\91\91_2.jpg,0,0.01531356479972601,wbc
55,D:\Dineth\focus_binary_benchmark\dataset\wbc\unfocused\91\91_3.jpg,0,0.020765768364071846,wbc
55,D:\Dineth\focus_binary_benchmark\dataset\wbc\unfocused\91\91_4.jpg,0,0.11122478544712067,wbc
55,D:\Dineth\focus_binary_benchmark\dataset\wbc\unfocused\91\91_8.jpg,0,0.12717939913272858,wbc
55,D:\Dineth\focus_binary_benchmark\dataset\wbc\unfocused\91\91_9.jpg,0,0.013791847974061966,wbc
55,D:\Dineth\focus_binary_benchmark\dataset\wbc\unfocused\96\96_0.jpg,0,0.013368543237447739,wbc
55,D:\Dineth\focus_binary_benchmark\dataset\wbc\unfocused\96\96_1.jpg,0,0.014112146571278572,wbc
55,D:\Dineth\focus_binary_benchmark\dataset\wbc\unfocused\96\96_2.jpg,0,0.01695995405316353,wbc
55,D:\Dineth\focus_binary_benchmark\dataset\wbc\unfocused\96\96_3.jpg,0,0.02408226951956749,wbc
55,D:\Dineth\focus_binary_benchmark\dataset\wbc\unfocused\96\96_4.jpg,0,0.05961776524782181,wbc
55,D:\Dineth\focus_binary_benchmark\dataset\wbc\unfocused\96\96_8.jpg,0,0.020324502140283585,wbc
55,D:\Dineth\focus_binary_benchmark\dataset\wbc\unfocused\96\96_9.jpg,0,0.011072003282606602,wbc
55,D:\Dineth\focus_binary_benchmark\dataset\wbc\unfocused\97\97_0.jpg,0,0.011624702252447605,wbc
55,D:\Dineth\focus_binary_benchmark\dataset\wbc\unfocused\97\97_1.jpg,0,0.01672341674566269,wbc
55,D:\Dineth\focus_binary_benchmark\dataset\wbc\unfocused\97\97_2.jpg,0,0.02144070714712143,wbc
55,D:\Dineth\focus_binary_benchmark\dataset\wbc\unfocused\97\97_3.jpg,0,0.0862991139292717,wbc
55,D:\Dineth\focus_binary_benchmark\dataset\wbc\unfocused\97\97_7.jpg,0,0.4595939815044403,wbc
55,D:\Dineth\focus_binary_benchmark\dataset\wbc\unfocused\97\97_8.jpg,0,0.016143644228577614,wbc
55,D:\Dineth\focus_binary_benchmark\dataset\wbc\unfocused\97\97_9.jpg,0,0.009075666777789593,wbc
55,D:\Dineth\focus_binary_benchmark\dataset\wbc\unfocused\99\99_0.jpg,0,0.010878447443246841,wbc
55,D:\Dineth\focus_binary_benchmark\dataset\wbc\unfocused\99\99_1.jpg,0,0.012528733350336552,wbc
55,D:\Dineth\focus_binary_benchmark\dataset\wbc\unfocused\99\99_2.jpg,0,0.01742616295814514,wbc
55,D:\Dineth\focus_binary_benchmark\dataset\wbc\unfocused\99\99_3.jpg,0,0.030455006286501884,wbc
55,D:\Dineth\focus_binary_benchmark\dataset\wbc\unfocused\99\99_4.jpg,0,0.4050159454345703,wbc
55,D:\Dineth\focus_binary_benchmark\dataset\wbc\unfocused\99\99_8.jpg,0,0.11013428121805191,wbc
55,D:\Dineth\focus_binary_benchmark\dataset\wbc\unfocused\99\99_9.jpg,0,0.012055756524205208,wbc
