family,display_name,split,score_type,threshold,accuracy,precision,recall,specificity,f1,mcc,balanced_accuracy
cnn_attention,cnn_attention,test,probability,0.05,0.775235531628533,0.29831932773109243,1.0,0.7514880952380952,0.459546925566343,0.4734801192968378,0.8757440476190477
cnn_attention,cnn_attention,test,probability,0.1,0.847913862718708,0.3858695652173913,1.0,0.8318452380952381,0.5568627450980392,0.5665542872064131,0.9159226190476191
cnn_attention,cnn_attention,test,probability,0.15,0.8855989232839838,0.4551282051282051,1.0,0.8735119047619048,0.6255506607929515,0.6305235169067094,0.9367559523809523
cnn_attention,cnn_attention,test,probability,0.2,0.9030955585464334,0.4965034965034965,1.0,0.8928571428571429,0.663551401869159,0.6658128065054721,0.9464285714285714
cnn_attention,cnn_attention,test,probability,0.25,0.9219380888290714,0.5503875968992248,1.0,0.9136904761904762,0.71,0.7091430782995661,0.9568452380952381
cnn_attention,cnn_attention,test,probability,0.3,0.9340511440107672,0.5916666666666667,1.0,0.9270833333333334,0.743455497382199,0.7406242674633039,0.9635416666666667
cnn_attention,cnn_attention,test,probability,0.35,0.9407806191117093,0.6173913043478261,1.0,0.9345238095238095,0.7634408602150538,0.759583355337651,0.9672619047619048
cnn_attention,cnn_attention,test,probability,0.39999999999999997,0.9502018842530283,0.6574074074074074,1.0,0.9449404761904762,0.7932960893854749,0.7881693146822591,0.9724702380952381
cnn_attention,cnn_attention,test,probability,0.44999999999999996,0.955585464333782,0.6862745098039216,0.9859154929577465,0.9523809523809523,0.8092485549132947,0.8015392267810784,0.9691482226693494
cnn_attention,cnn_attention,test,probability,0.49999999999999994,0.9582772543741588,0.7,0.9859154929577465,0.9553571428571429,0.8187134502923976,0.810818702607675,0.9706363179074446
cnn_attention,cnn_attention,test,probability,0.5499999999999999,0.9609690444145357,0.7142857142857143,0.9859154929577465,0.9583333333333334,0.8284023668639053,0.8203654647058851,0.97212441314554
cnn_attention,cnn_attention,test,probability,0.6,0.9636608344549125,0.7291666666666666,0.9859154929577465,0.9613095238095238,0.8383233532934132,0.8301932797598621,0.9736125083836351
cnn_attention,cnn_attention,test,probability,0.65,0.9676985195154778,0.7526881720430108,0.9859154929577465,0.9657738095238095,0.8536585365853658,0.8454946150327022,0.975844651240778
cnn_attention,cnn_attention,test,probability,0.7,0.9730820995962315,0.7931034482758621,0.971830985915493,0.9732142857142857,0.8734177215189873,0.864081841101952,0.9725226358148893
cnn_attention,cnn_attention,test,probability,0.75,0.9757738896366084,0.8192771084337349,0.9577464788732394,0.9776785714285714,0.8831168831168831,0.8729950734803275,0.9677125251509053
cnn_attention,cnn_attention,test,probability,0.7999999999999999,0.9798115746971736,0.85,0.9577464788732394,0.9821428571428571,0.9006622516556291,0.8914331397757951,0.9699446680080482
cnn_attention,cnn_attention,test,probability,0.85,0.9798115746971736,0.868421052631579,0.9295774647887324,0.9851190476190477,0.8979591836734694,0.8874034666927231,0.95734825620389
cnn_attention,cnn_attention,test,probability,0.9,0.9825033647375505,0.8918918918918919,0.9295774647887324,0.9880952380952381,0.9103448275862069,0.9008919484224686,0.9588363514419853
cnn_attention,cnn_attention,test,probability,0.95,0.9730820995962315,0.9636363636363636,0.7464788732394366,0.9970238095238095,0.8412698412698413,0.8348737129048688,0.8717513413816231
cnn,cnn,test,probability,0.05,0.9542395693135935,0.6796116504854369,0.9859154929577465,0.9508928571428571,0.8045977011494252,0.7969956749903842,0.9684041750503019
cnn,cnn,test,probability,0.1,0.9623149394347241,0.7263157894736842,0.971830985915493,0.9613095238095238,0.8313253012048194,0.8215075305249375,0.9665702548625084
cnn,cnn,test,probability,0.15,0.971736204576043,0.7840909090909091,0.971830985915493,0.9717261904761905,0.8679245283018867,0.8584599662193164,0.9717785881958417
cnn,cnn,test,probability,0.2,0.9784656796769852,0.8313253012048193,0.971830985915493,0.9791666666666666,0.8961038961038961,0.8875283651295373,0.9754988262910798
cnn,cnn,test,probability,0.25,0.9771197846567967,0.8292682926829268,0.9577464788732394,0.9791666666666666,0.8888888888888888,0.8790336235241633,0.968456572769953
cnn,cnn,test,probability,0.3,0.9771197846567967,0.8375,0.9436619718309859,0.9806547619047619,0.8874172185430463,0.8766633863449367,0.9621583668678739
cnn,cnn,test,probability,0.35,0.9798115746971736,0.8589743589743589,0.9436619718309859,0.9836309523809523,0.8993288590604026,0.8893498430632557,0.963646462105969
cnn,cnn,test,probability,0.39999999999999997,0.9811574697173621,0.8701298701298701,0.9436619718309859,0.9851190476190477,0.9054054054054054,0.8958693227541976,0.9643905097250167
cnn,cnn,test,probability,0.44999999999999996,0.9811574697173621,0.8701298701298701,0.9436619718309859,0.9851190476190477,0.9054054054054054,0.8958693227541976,0.9643905097250167
cnn,cnn,test,probability,0.49999999999999994,0.9811574697173621,0.8701298701298701,0.9436619718309859,0.9851190476190477,0.9054054054054054,0.8958693227541976,0.9643905097250167
cnn,cnn,test,probability,0.5499999999999999,0.9825033647375505,0.881578947368421,0.9436619718309859,0.9866071428571429,0.9115646258503401,0.9025114080279665,0.9651345573440644
cnn,cnn,test,probability,0.6,0.9811574697173621,0.88,0.9295774647887324,0.9866071428571429,0.9041095890410958,0.8940832094998004,0.9580923038229376
cnn,cnn,test,probability,0.65,0.9798115746971736,0.8783783783783784,0.9154929577464789,0.9866071428571429,0.896551724137931,0.8856041099956942,0.9510500503018109
cnn,cnn,test,probability,0.7,0.9798115746971736,0.8783783783783784,0.9154929577464789,0.9866071428571429,0.896551724137931,0.8856041099956942,0.9510500503018109
cnn,cnn,test,probability,0.75,0.9825033647375505,0.9027777777777778,0.9154929577464789,0.9895833333333334,0.9090909090909091,0.8994385366388293,0.9525381455399061
cnn,cnn,test,probability,0.7999999999999999,0.9838492597577388,0.9154929577464789,0.9154929577464789,0.9910714285714286,0.9154929577464789,0.9065643863179075,0.9532821931589537
cnn,cnn,test,probability,0.85,0.9838492597577388,0.927536231884058,0.9014084507042254,0.9925595238095238,0.9142857142857144,0.9054850372289823,0.9469839872568746
cnn,cnn,test,probability,0.9,0.9811574697173621,0.9523809523809523,0.8450704225352113,0.9955357142857143,0.8955223880597014,0.8871184998151106,0.9203030684104627
cnn,cnn,test,probability,0.95,0.9650067294751009,0.9411764705882353,0.676056338028169,0.9955357142857143,0.7868852459016393,0.7808744689840799,0.8357960261569417
cnn_focus_hybrid,cnn_focus_hybrid,test,probability,0.05,0.7537012113055181,0.2777777777777778,0.9859154929577465,0.7291666666666666,0.43343653250774,0.4440467926752379,0.8575410798122065
cnn_focus_hybrid,cnn_focus_hybrid,test,probability,0.1,0.8600269179004038,0.4046242774566474,0.9859154929577465,0.8467261904761905,0.5737704918032787,0.5791772307821896,0.9163208417169685
cnn_focus_hybrid,cnn_focus_hybrid,test,probability,0.15,0.8963660834454913,0.4794520547945205,0.9859154929577465,0.8869047619047619,0.6451612903225806,0.6457657889536655,0.9364101274312542
cnn_focus_hybrid,cnn_focus_hybrid,test,probability,0.2,0.917900403768506,0.5384615384615384,0.9859154929577465,0.9107142857142857,0.6965174129353234,0.6937852396346922,0.948314889336016
cnn_focus_hybrid,cnn_focus_hybrid,test,probability,0.25,0.9340511440107672,0.5948275862068966,0.971830985915493,0.9300595238095238,0.7379679144385026,0.7304741687366221,0.9509452548625084
cnn_focus_hybrid,cnn_focus_hybrid,test,probability,0.3,0.9421265141318977,0.6296296296296297,0.9577464788732394,0.9404761904761905,0.7597765363128491,0.7492022657208139,0.9491113346747149
cnn_focus_hybrid,cnn_focus_hybrid,test,probability,0.35,0.9596231493943472,0.7204301075268817,0.9436619718309859,0.9613095238095238,0.8170731707317074,0.803989836101967,0.9524857478202549
cnn_focus_hybrid,cnn_focus_hybrid,test,probability,0.39999999999999997,0.9623149394347241,0.7362637362637363,0.9436619718309859,0.9642857142857143,0.8271604938271604,0.8141982095958734,0.9539738430583501
cnn_focus_hybrid,cnn_focus_hybrid,test,probability,0.44999999999999996,0.9650067294751009,0.7528089887640449,0.9436619718309859,0.9672619047619048,0.8374999999999999,0.8247304302146735,0.9554619382964453
cnn_focus_hybrid,cnn_focus_hybrid,test,probability,0.49999999999999994,0.9650067294751009,0.7777777777777778,0.8873239436619719,0.9732142857142857,0.8289473684210527,0.811731641744908,0.9302691146881288
cnn_focus_hybrid,cnn_focus_hybrid,test,probability,0.5499999999999999,0.9650067294751009,0.8082191780821918,0.8309859154929577,0.9791666666666666,0.8194444444444445,0.8001691437270313,0.9050762910798122
cnn_focus_hybrid,cnn_focus_hybrid,test,probability,0.6,0.9596231493943472,0.7971014492753623,0.7746478873239436,0.9791666666666666,0.7857142857142857,0.7635260086975729,0.8769072769953051
cnn_focus_hybrid,cnn_focus_hybrid,test,probability,0.65,0.9542395693135935,0.8135593220338984,0.676056338028169,0.9836309523809523,0.7384615384615385,0.7172951117720419,0.8298436452045607
cnn_focus_hybrid,cnn_focus_hybrid,test,probability,0.7,0.9502018842530283,0.8269230769230769,0.6056338028169014,0.9866071428571429,0.6991869918699187,0.6824511111756023,0.7961204728370221
cnn_focus_hybrid,cnn_focus_hybrid,test,probability,0.75,0.9488559892328399,0.8367346938775511,0.5774647887323944,0.9880952380952381,0.6833333333333335,0.6699073489226611,0.7827800134138163
cnn_focus_hybrid,cnn_focus_hybrid,test,probability,0.7999999999999999,0.946164199192463,0.8297872340425532,0.5492957746478874,0.9880952380952381,0.6610169491525424,0.6490089131080139,0.7686955063715628
cnn_focus_hybrid,cnn_focus_hybrid,test,probability,0.85,0.9434724091520862,0.8717948717948718,0.4788732394366197,0.9925595238095238,0.6181818181818182,0.6214625164651478,0.7357163816230717
cnn_focus_hybrid,cnn_focus_hybrid,test,probability,0.9,0.9407806191117093,0.8857142857142857,0.43661971830985913,0.9940476190476191,0.5849056603773585,0.5975924406330404,0.715333668678739
cnn_focus_hybrid,cnn_focus_hybrid,test,probability,0.95,0.9313593539703903,0.9545454545454546,0.29577464788732394,0.9985119047619048,0.45161290322580644,0.5103936419675766,0.6471432763246143
transfer,transfer:MobileNet,test,probability,0.05,0.7671601615074024,0.2892561983471074,0.9859154929577465,0.7440476190476191,0.4472843450479233,0.4579184889395539,0.8649815560026828
transfer,transfer:MobileNet,test,probability,0.1,0.8277254374158816,0.3553299492385787,0.9859154929577465,0.8110119047619048,0.5223880597014925,0.530766048075853,0.8984636988598256
transfer,transfer:MobileNet,test,probability,0.15,0.8600269179004038,0.40350877192982454,0.971830985915493,0.8482142857142857,0.5702479338842975,0.5727374348884894,0.9100226358148893
transfer,transfer:MobileNet,test,probability,0.2,0.8815612382234186,0.44516129032258067,0.971830985915493,0.8720238095238095,0.6106194690265486,0.6105581341497311,0.9219273977196513
transfer,transfer:MobileNet,test,probability,0.25,0.8936742934051144,0.4726027397260274,0.971830985915493,0.8854166666666666,0.6359447004608296,0.63424422567462,0.9286238262910798
transfer,transfer:MobileNet,test,probability,0.3,0.9057873485868102,0.5037593984962406,0.9436619718309859,0.9017857142857143,0.6568627450980392,0.6483504442544658,0.9227238430583501
transfer,transfer:MobileNet,test,probability,0.35,0.9192462987886945,0.5447154471544715,0.9436619718309859,0.9166666666666666,0.6907216494845361,0.6805026022535846,0.9301643192488263
transfer,transfer:MobileNet,test,probability,0.39999999999999997,0.9246298788694481,0.5641025641025641,0.9295774647887324,0.9241071428571429,0.7021276595744681,0.6890189467309361,0.9268423038229376
transfer,transfer:MobileNet,test,probability,0.44999999999999996,0.9286675639300135,0.5818181818181818,0.9014084507042254,0.9315476190476191,0.7071823204419889,0.6895054615263175,0.9164780348759223
transfer,transfer:MobileNet,test,probability,0.49999999999999994,0.9340511440107672,0.6057692307692307,0.8873239436619719,0.9389880952380952,0.72,0.7001495151252212,0.9131560194500336
transfer,transfer:MobileNet,test,probability,0.5499999999999999,0.9353970390309556,0.6161616161616161,0.8591549295774648,0.9434523809523809,0.7176470588235293,0.6943147493481605,0.9013036552649228
transfer,transfer:MobileNet,test,probability,0.6,0.9394347240915208,0.6382978723404256,0.8450704225352113,0.9494047619047619,0.7272727272727273,0.7025995579012978,0.8972375922199866
transfer,transfer:MobileNet,test,probability,0.65,0.9394347240915208,0.6477272727272727,0.8028169014084507,0.9538690476190477,0.7169811320754716,0.688442216851018,0.8783429745137492
transfer,transfer:MobileNet,test,probability,0.7,0.9475100942126514,0.6951219512195121,0.8028169014084507,0.9627976190476191,0.7450980392156863,0.7183172840972252,0.8828072602280349
transfer,transfer:MobileNet,test,probability,0.75,0.9542395693135935,0.7466666666666667,0.7887323943661971,0.9717261904761905,0.767123287671233,0.7421138126022295,0.8802292924211939
transfer,transfer:MobileNet,test,probability,0.7999999999999999,0.9488559892328399,0.7538461538461538,0.6901408450704225,0.9761904761904762,0.7205882352941175,0.6933180607869331,0.8331656606304494
transfer,transfer:MobileNet,test,probability,0.85,0.9528936742934051,0.8461538461538461,0.6197183098591549,0.9880952380952381,0.7154471544715447,0.7003957328836206,0.8039067739771966
transfer,transfer:MobileNet,test,probability,0.9,0.9475100942126514,0.8636363636363636,0.5352112676056338,0.9910714285714286,0.6608695652173914,0.655492875456247,0.7631413480885312
transfer,transfer:MobileNet,test,probability,0.95,0.9407806191117093,0.9655172413793104,0.39436619718309857,0.9985119047619048,0.5599999999999999,0.5963806294312206,0.6964390509725017
hybrid_vit,hybrid_vit,test,probability,0.05,0.8613728129205922,0.4036144578313253,0.9436619718309859,0.8526785714285714,0.5654008438818565,0.5620444806756765,0.8981702716297786
hybrid_vit,hybrid_vit,test,probability,0.1,0.8950201884253028,0.4744525547445255,0.9154929577464789,0.8928571428571429,0.625,0.6127971148894,0.9041750503018109
hybrid_vit,hybrid_vit,test,probability,0.15,0.9044414535666218,0.5,0.8873239436619719,0.90625,0.6395939086294415,0.6216892474327156,0.896786971830986
hybrid_vit,hybrid_vit,test,probability,0.2,0.9192462987886945,0.5478260869565217,0.8873239436619719,0.9226190476190477,0.6774193548387096,0.65832374593317,0.9049714956405097
hybrid_vit,hybrid_vit,test,probability,0.25,0.9219380888290714,0.5585585585585585,0.8732394366197183,0.9270833333333334,0.6813186813186813,0.6600228263444523,0.9001613849765258
hybrid_vit,hybrid_vit,test,probability,0.3,0.9232839838492598,0.5636363636363636,0.8732394366197183,0.9285714285714286,0.6850828729281767,0.6637240434842434,0.9009054325955734
hybrid_vit,hybrid_vit,test,probability,0.35,0.9300134589502019,0.5922330097087378,0.8591549295774648,0.9375,0.7011494252873564,0.6777592591535114,0.8983274647887324
hybrid_vit,hybrid_vit,test,probability,0.39999999999999997,0.9313593539703903,0.6,0.8450704225352113,0.9404761904761905,0.7017543859649124,0.6766752387828024,0.8927733065057009
hybrid_vit,hybrid_vit,test,probability,0.44999999999999996,0.9353970390309556,0.6210526315789474,0.8309859154929577,0.9464285714285714,0.710843373493976,0.6844112421326756,0.8887072434607646
hybrid_vit,hybrid_vit,test,probability,0.49999999999999994,0.9380888290713324,0.6436781609195402,0.7887323943661971,0.9538690476190477,0.7088607594936709,0.6789816746969008,0.8713007209926225
hybrid_vit,hybrid_vit,test,probability,0.5499999999999999,0.9421265141318977,0.6666666666666666,0.7887323943661971,0.9583333333333334,0.7225806451612903,0.6935699586104129,0.8735328638497653
hybrid_vit,hybrid_vit,test,probability,0.6,0.9475100942126514,0.7,0.7887323943661971,0.9642857142857143,0.7417218543046357,0.7141960986054938,0.8765090543259557
hybrid_vit,hybrid_vit,test,probability,0.65,0.946164199192463,0.7012987012987013,0.7605633802816901,0.9657738095238095,0.7297297297297298,0.7005991645991497,0.8631685949027499
hybrid_vit,hybrid_vit,test,probability,0.7,0.946164199192463,0.7123287671232876,0.7323943661971831,0.96875,0.7222222222222221,0.6925042263439846,0.8505721830985915
hybrid_vit,hybrid_vit,test,probability,0.75,0.946164199192463,0.7246376811594203,0.704225352112676,0.9717261904761905,0.7142857142857142,0.6846598817356788,0.8379757712944332
hybrid_vit,hybrid_vit,test,probability,0.7999999999999999,0.9515477792732167,0.7777777777777778,0.6901408450704225,0.9791666666666666,0.7313432835820896,0.7063415905726118,0.8346537558685445
hybrid_vit,hybrid_vit,test,probability,0.85,0.9515477792732167,0.7868852459016393,0.676056338028169,0.9806547619047619,0.7272727272727273,0.7032845276455312,0.8283555499664654
hybrid_vit,hybrid_vit,test,probability,0.9,0.955585464333782,0.88,0.6197183098591549,0.9910714285714286,0.7272727272727273,0.7167272612527842,0.8053948692152917
hybrid_vit,hybrid_vit,test,probability,0.95,0.9502018842530283,0.8695652173913043,0.5633802816901409,0.9910714285714286,0.6837606837606838,0.6763667247365479,0.7772258551307847
focus_dnn,focus_dnn,test,probability,0.05,0.12382234185733512,0.09833795013850416,1.0,0.03125,0.17906683480453972,0.055435195876160255,0.515625
focus_dnn,focus_dnn,test,probability,0.1,0.31763122476446837,0.12283737024221453,1.0,0.24553571428571427,0.21879815100154082,0.17366911482299002,0.6227678571428571
focus_dnn,focus_dnn,test,probability,0.15,0.38896366083445494,0.13523809523809524,1.0,0.3244047619047619,0.238255033557047,0.2094561579094007,0.6622023809523809
focus_dnn,focus_dnn,test,probability,0.2,0.4266487213997308,0.14285714285714285,1.0,0.36607142857142855,0.25,0.2286830084797446,0.6830357142857143
focus_dnn,focus_dnn,test,probability,0.25,0.44549125168236875,0.14553014553014554,0.9859154929577465,0.38839285714285715,0.2536231884057971,0.23031389632082136,0.6871541750503019
focus_dnn,focus_dnn,test,probability,0.3,0.45625841184387617,0.14799154334038056,0.9859154929577465,0.40029761904761907,0.2573529411764707,0.2360632448531793,0.6931065560026828
focus_dnn,focus_dnn,test,probability,0.35,0.458950201884253,0.14712153518123666,0.971830985915493,0.40476190476190477,0.25555555555555554,0.22946910684921193,0.6882964453386988
focus_dnn,focus_dnn,test,probability,0.39999999999999997,0.5275908479138627,0.16346153846153846,0.9577464788732394,0.48214285714285715,0.27926078028747436,0.26051738067970964,0.7199446680080482
focus_dnn,focus_dnn,test,probability,0.44999999999999996,0.8411843876177658,0.3178294573643411,0.5774647887323944,0.8690476190476191,0.41000000000000003,0.34655191402702107,0.7232562038900068
focus_dnn,focus_dnn,test,probability,0.49999999999999994,0.8438761776581427,0.3228346456692913,0.5774647887323944,0.8720238095238095,0.41414141414141414,0.35102679935287645,0.7247442991281019
focus_dnn,focus_dnn,test,probability,0.5499999999999999,0.8519515477792732,0.33884297520661155,0.5774647887323944,0.8809523809523809,0.4270833333333333,0.36499491062629413,0.7292085848423877
focus_dnn,focus_dnn,test,probability,0.6,0.8842530282637954,0.422680412371134,0.5774647887323944,0.9166666666666666,0.48809523809523814,0.4311756093787554,0.7470657276995305
focus_dnn,focus_dnn,test,probability,0.65,0.8842530282637954,0.42105263157894735,0.5633802816901409,0.9181547619047619,0.4819277108433735,0.42392829418737793,0.7407675217974514
focus_dnn,focus_dnn,test,probability,0.7,0.8936742934051144,0.45348837209302323,0.5492957746478874,0.9300595238095238,0.49681528662420377,0.4404934273132829,0.7396776492287056
focus_dnn,focus_dnn,test,probability,0.75,0.9004037685060565,0.48,0.5070422535211268,0.9419642857142857,0.4931506849315068,0.4381750188070877,0.7245032696177063
focus_dnn,focus_dnn,test,probability,0.7999999999999999,0.9205921938088829,0.625,0.4225352112676056,0.9732142857142857,0.5042016806722689,0.4732832792423939,0.6978747484909457
focus_dnn,focus_dnn,test,probability,0.85,0.9111709286675639,1.0,0.07042253521126761,1.0,0.13157894736842107,0.2532283256427308,0.5352112676056338
focus_dnn,focus_dnn,test,probability,0.9,0.9084791386271871,1.0,0.04225352112676056,1.0,0.08108108108108109,0.195884570937398,0.5211267605633803
focus_dnn,focus_dnn,test,probability,0.95,0.9044414535666218,,0.0,1.0,,0.0,0.5
threshold_baselines,threshold_baselines:composite,test,raw_score,-0.7150096893310547,0.0955585464333782,0.0955585464333782,1.0,0.0,0.17444717444717447,0.0,0.5
threshold_baselines,threshold_baselines:composite,test,raw_score,-0.47351249059041345,0.506056527590848,0.112565445026178,0.6056338028169014,0.4955357142857143,0.18984547461368653,0.05950839067699568,0.5505847585513078
threshold_baselines,threshold_baselines:composite,test,raw_score,-0.23201529184977215,0.5531628532974427,0.1239193083573487,0.6056338028169014,0.5476190476190477,0.20574162679425836,0.09030463497506774,0.5766264252179745
threshold_baselines,threshold_baselines:composite,test,raw_score,0.00948190689086914,0.6460296096904441,0.15217391304347827,0.5915492957746479,0.6517857142857143,0.24207492795389052,0.14804898270030792,0.6216675050301811
threshold_baselines,threshold_baselines:composite,test,raw_score,0.2509791056315104,0.756393001345895,0.21649484536082475,0.5915492957746479,0.7738095238095238,0.31698113207547174,0.24453800745264206,0.6826794097920859
threshold_baselines,threshold_baselines:composite,test,raw_score,0.4924763043721516,0.8317631224764468,0.3014705882352941,0.5774647887323944,0.8586309523809523,0.3961352657004831,0.33153688796134656,0.7180478705566733
threshold_baselines,threshold_baselines:composite,test,raw_score,0.733973503112793,0.8681022880215343,0.36893203883495146,0.5352112676056338,0.9032738095238095,0.43678160919540227,0.373043974237059,0.7192425385647216
threshold_baselines,threshold_baselines:composite,test,raw_score,0.9754707018534341,0.8788694481830417,0.37333333333333335,0.39436619718309857,0.9300595238095238,0.3835616438356165,0.31659950128903097,0.6622128604963112
threshold_baselines,threshold_baselines:composite,test,raw_score,1.2169679005940754,0.8788694481830417,0.32075471698113206,0.23943661971830985,0.9464285714285714,0.27419354838709675,0.21229970631609843,0.5929325955734406
threshold_baselines,threshold_baselines:composite,test,raw_score,1.4584650993347168,0.8869448183041723,0.32432432432432434,0.16901408450704225,0.9627976190476191,0.2222222222222222,0.17814128112886998,0.5659058517773307
threshold_baselines,threshold_baselines:composite,test,raw_score,1.699962298075358,0.892328398384926,0.3448275862068966,0.14084507042253522,0.9717261904761905,0.2,0.17088078744599017,0.5562856304493629
threshold_baselines,threshold_baselines:composite,test,raw_score,1.941459496815999,0.9030955585464334,0.4666666666666667,0.09859154929577464,0.9880952380952381,0.1627906976744186,0.1811988345488755,0.5433433936955064
threshold_baselines,threshold_baselines:composite,test,raw_score,2.1829566955566406,0.9057873485868102,0.5555555555555556,0.07042253521126761,0.9940476190476191,0.125,0.17326196502004132,0.5322350771294433
threshold_baselines,threshold_baselines:composite,test,raw_score,2.4244538942972818,0.9057873485868102,0.6,0.04225352112676056,0.9970238095238095,0.07894736842105261,0.1412350840043088,0.519638665325285
threshold_baselines,threshold_baselines:composite,test,raw_score,2.665951093037923,0.9071332436069987,0.75,0.04225352112676056,0.9985119047619048,0.08,0.16377725202007445,0.5203827129443327
threshold_baselines,threshold_baselines:composite,test,raw_score,2.9074482917785645,0.9057873485868102,0.6666666666666666,0.028169014084507043,0.9985119047619048,0.054054054054054064,0.12369100139052959,0.5133404594232059
threshold_baselines,threshold_baselines:composite,test,raw_score,3.1489454905192056,0.9071332436069987,1.0,0.028169014084507043,1.0,0.05479452054794521,0.1598311248834102,0.5140845070422535
threshold_baselines,threshold_baselines:composite,test,raw_score,3.3904426892598467,0.9071332436069987,1.0,0.028169014084507043,1.0,0.05479452054794521,0.1598311248834102,0.5140845070422535
threshold_baselines,threshold_baselines:composite,test,raw_score,3.631939888000488,0.9057873485868102,1.0,0.014084507042253521,1.0,0.02777777777777778,0.11294148911182127,0.5070422535211268
threshold_baselines,threshold_baselines:composite,val,raw_score,-0.7150096893310547,0.09448818897637795,0.09448818897637795,1.0,0.0,0.1726618705035971,0.0,0.5
threshold_baselines,threshold_baselines:composite,val,raw_score,-0.3183961444430881,0.49868766404199477,0.11055276381909548,0.6111111111111112,0.48695652173913045,0.18723404255319148,0.05742807490581002,0.5490338164251208
threshold_baselines,threshold_baselines:composite,val,raw_score,0.07821740044487846,0.6299212598425197,0.1476510067114094,0.6111111111111112,0.6318840579710145,0.23783783783783785,0.14565362940360574,0.6214975845410629
threshold_baselines,threshold_baselines:composite,val,raw_score,0.474830945332845,0.7834645669291339,0.23728813559322035,0.5833333333333334,0.8043478260869565,0.3373493975903614,0.26853501526799484,0.693840579710145
threshold_baselines,threshold_baselines:composite,val,raw_score,0.8714444902208116,0.8543307086614174,0.3177570093457944,0.4722222222222222,0.8942028985507247,0.3798882681564246,0.30850591444006253,0.6832125603864734
threshold_baselines,threshold_baselines:composite,val,raw_score,1.2680580351087782,0.8661417322834646,0.265625,0.2361111111111111,0.9318840579710145,0.24999999999999994,0.17716172018127196,0.5839975845410628
threshold_baselines,threshold_baselines:composite,val,raw_score,1.6646715799967446,0.8766404199475065,0.2608695652173913,0.16666666666666666,0.9507246376811594,0.20338983050847456,0.14417544307072744,0.558695652173913
threshold_baselines,threshold_baselines:composite,val,raw_score,2.0612851248847113,0.889763779527559,0.3,0.125,0.9695652173913043,0.17647058823529413,0.14223486043821115,0.5472826086956522
threshold_baselines,threshold_baselines:composite,val,raw_score,2.457898669772678,0.9028871391076115,0.4444444444444444,0.1111111111111111,0.9855072463768116,0.17777777777777776,0.1860920085838015,0.5483091787439613
threshold_baselines,threshold_baselines:composite,val,raw_score,2.8545122146606445,0.9002624671916011,0.3,0.041666666666666664,0.9898550724637681,0.07317073170731707,0.08101996362062798,0.5157608695652174
threshold_baselines,threshold_baselines:composite,val,raw_score,3.251125759548611,0.9028871391076115,0.375,0.041666666666666664,0.9927536231884058,0.075,0.09878128021870779,0.5172101449275363
threshold_baselines,threshold_baselines:composite,val,raw_score,3.647739304436578,0.9028871391076115,0.3333333333333333,0.027777777777777776,0.9942028985507246,0.05128205128205128,0.07274368908232616,0.5109903381642512
threshold_baselines,threshold_baselines:composite,val,raw_score,4.044352849324544,0.9041994750656168,0.4,0.027777777777777776,0.9956521739130435,0.051948051948051945,0.08488466612855271,0.5117149758454106
threshold_baselines,threshold_baselines:composite,val,raw_score,4.440966394212511,0.9041994750656168,0.3333333333333333,0.013888888888888888,0.9971014492753624,0.026666666666666665,0.05133579994108594,0.5054951690821257
threshold_baselines,threshold_baselines:composite,val,raw_score,4.837579939100477,0.905511811023622,0.5,0.013888888888888888,0.9985507246376811,0.02702702702702703,0.07111740274576134,0.506219806763285
threshold_baselines,threshold_baselines:composite,val,raw_score,5.234193483988444,0.9068241469816273,1.0,0.013888888888888888,1.0,0.0273972602739726,0.11221889003927528,0.5069444444444444
threshold_baselines,threshold_baselines:composite,val,raw_score,5.6308070288764105,0.9068241469816273,1.0,0.013888888888888888,1.0,0.0273972602739726,0.11221889003927528,0.5069444444444444
threshold_baselines,threshold_baselines:composite,val,raw_score,6.027420573764377,0.9068241469816273,1.0,0.013888888888888888,1.0,0.0273972602739726,0.11221889003927528,0.5069444444444444
threshold_baselines,threshold_baselines:composite,val,raw_score,6.424034118652344,0.9068241469816273,1.0,0.013888888888888888,1.0,0.0273972602739726,0.11221889003927528,0.5069444444444444
classical_ml,classical_ml:gradient_boosting,test,probability,0.05,0.5127860026917901,0.16241299303944315,0.9859154929577465,0.46279761904761907,0.2788844621513944,0.26728010866043705,0.7243565560026828
classical_ml,classical_ml:gradient_boosting,test,probability,0.1,0.5410497981157469,0.16911764705882354,0.971830985915493,0.4955357142857143,0.28810020876826725,0.27613349614860133,0.7336833501006037
classical_ml,classical_ml:gradient_boosting,test,probability,0.15,0.5464333781965006,0.1707920792079208,0.971830985915493,0.5014880952380952,0.29052631578947374,0.2793684073805512,0.7366595405767942
classical_ml,classical_ml:gradient_boosting,test,probability,0.2,0.5545087483176312,0.17336683417085427,0.971830985915493,0.5104166666666666,0.2942430703624734,0.28427119138034607,0.7411238262910798
classical_ml,classical_ml:gradient_boosting,test,probability,0.25,0.5585464333781965,0.17468354430379746,0.971830985915493,0.5148809523809523,0.296137339055794,0.2867461793798019,0.7433559691482227
classical_ml,classical_ml:gradient_boosting,test,probability,0.3,0.5598923283983849,0.1717948717948718,0.9436619718309859,0.5193452380952381,0.2906724511930586,0.2725724190870813,0.7315036049631121
classical_ml,classical_ml:gradient_boosting,test,probability,0.35,0.5585464333781965,0.16966580976863754,0.9295774647887324,0.5193452380952381,0.28695652173913044,0.26424632025045375,0.7244613514419853
classical_ml,classical_ml:gradient_boosting,test,probability,0.39999999999999997,0.5585464333781965,0.16795865633074936,0.9154929577464789,0.5208333333333334,0.2838427947598253,0.25677025465762404,0.7181631455399061
classical_ml,classical_ml:gradient_boosting,test,probability,0.44999999999999996,0.5625841184387618,0.16927083333333334,0.9154929577464789,0.5252976190476191,0.28571428571428575,0.2593183657805671,0.720395288397049
classical_ml,classical_ml:gradient_boosting,test,probability,0.49999999999999994,0.9394347240915208,0.7708333333333334,0.5211267605633803,0.9836309523809523,0.6218487394957983,0.6036479829464343,0.7523788564721663
classical_ml,classical_ml:gradient_boosting,test,probability,0.5499999999999999,0.9407806191117093,0.7872340425531915,0.5211267605633803,0.9851190476190477,0.6271186440677966,0.6113947459910675,0.753122904091214
classical_ml,classical_ml:gradient_boosting,test,probability,0.6,0.9394347240915208,0.825,0.4647887323943662,0.9895833333333334,0.5945945945945946,0.5918583462483695,0.7271860328638498
classical_ml,classical_ml:gradient_boosting,test,probability,0.65,0.9380888290713324,0.8205128205128205,0.4507042253521127,0.9895833333333334,0.5818181818181818,0.5804055965581897,0.720143779342723
classical_ml,classical_ml:gradient_boosting,test,probability,0.7,0.9380888290713324,0.8378378378378378,0.43661971830985913,0.9910714285714286,0.574074074074074,0.5780173291009255,0.7138455734406439
classical_ml,classical_ml:gradient_boosting,test,probability,0.75,0.9380888290713324,0.8571428571428571,0.4225352112676056,0.9925595238095238,0.5660377358490566,0.5759839539973411,0.7075473675385647
classical_ml,classical_ml:gradient_boosting,test,probability,0.7999999999999999,0.9380888290713324,0.9032258064516129,0.39436619718309857,0.9955357142857143,0.5490196078431372,0.5732556336600101,0.6949509557344065
classical_ml,classical_ml:gradient_boosting,test,probability,0.85,0.9380888290713324,0.9629629629629629,0.36619718309859156,0.9985119047619048,0.5306122448979591,0.5729569646280352,0.6823545439302482
classical_ml,classical_ml:gradient_boosting,test,probability,0.9,0.9380888290713324,0.9629629629629629,0.36619718309859156,0.9985119047619048,0.5306122448979591,0.5729569646280352,0.6823545439302482
classical_ml,classical_ml:gradient_boosting,test,probability,0.95,0.9340511440107672,0.9583333333333334,0.323943661971831,0.9985119047619048,0.4842105263157894,0.5361837202069225,0.6612277833668678
classical_ml,classical_ml:gradient_boosting,val,probability,0.05,0.5341207349081365,0.16705882352941176,0.9861111111111112,0.48695652173913045,0.28571428571428575,0.2786150761749878,0.7365338164251208
classical_ml,classical_ml:gradient_boosting,val,probability,0.1,0.5603674540682415,0.17530864197530865,0.9861111111111112,0.5159420289855072,0.29769392033542974,0.29429227457237184,0.7510265700483092
classical_ml,classical_ml:gradient_boosting,val,probability,0.15,0.562992125984252,0.1761786600496278,0.9861111111111112,0.518840579710145,0.29894736842105263,0.2958972145997179,0.7524758454106281
classical_ml,classical_ml:gradient_boosting,val,probability,0.2,0.568241469816273,0.17794486215538846,0.9861111111111112,0.5246376811594203,0.30148619957537154,0.29912890527379804,0.7553743961352657
classical_ml,classical_ml:gradient_boosting,val,probability,0.25,0.5708661417322834,0.17884130982367757,0.9861111111111112,0.527536231884058,0.302771855010661,0.30075589871887887,0.7568236714975846
classical_ml,classical_ml:gradient_boosting,val,probability,0.3,0.573490813648294,0.178117048346056,0.9722222222222222,0.5318840579710145,0.3010752688172043,0.29505531569393595,0.7520531400966184
classical_ml,classical_ml:gradient_boosting,val,probability,0.35,0.5748031496062992,0.17857142857142858,0.9722222222222222,0.5333333333333333,0.3017241379310345,0.29588011938122005,0.7527777777777778
classical_ml,classical_ml:gradient_boosting,val,probability,0.39999999999999997,0.5761154855643045,0.17902813299232737,0.9722222222222222,0.5347826086956522,0.3023758099352052,0.2967068395164151,0.7535024154589371
classical_ml,classical_ml:gradient_boosting,val,probability,0.44999999999999996,0.5761154855643045,0.17737789203084833,0.9583333333333334,0.5362318840579711,0.2993492407809111,0.2893910838290321,0.7472826086956522
classical_ml,classical_ml:gradient_boosting,val,probability,0.49999999999999994,0.9330708661417323,0.6721311475409836,0.5694444444444444,0.9710144927536232,0.6165413533834587,0.5825451219480335,0.7702294685990339
classical_ml,classical_ml:gradient_boosting,val,probability,0.5499999999999999,0.9330708661417323,0.6721311475409836,0.5694444444444444,0.9710144927536232,0.6165413533834587,0.5825451219480335,0.7702294685990339
classical_ml,classical_ml:gradient_boosting,val,probability,0.6,0.937007874015748,0.7142857142857143,0.5555555555555556,0.9768115942028985,0.6250000000000001,0.5967682079593801,0.7661835748792271
classical_ml,classical_ml:gradient_boosting,val,probability,0.65,0.9396325459317585,0.75,0.5416666666666666,0.981159420289855,0.6290322580645162,0.6064809954116192,0.7614130434782609
classical_ml,classical_ml:gradient_boosting,val,probability,0.7,0.9461942257217848,0.8297872340425532,0.5416666666666666,0.9884057971014493,0.6554621848739495,0.644501730493505,0.765036231884058
classical_ml,classical_ml:gradient_boosting,val,probability,0.75,0.94750656167979,0.8478260869565217,0.5416666666666666,0.9898550724637681,0.6610169491525423,0.6527943672369048,0.7657608695652174
classical_ml,classical_ml:gradient_boosting,val,probability,0.7999999999999999,0.94750656167979,0.8478260869565217,0.5416666666666666,0.9898550724637681,0.6610169491525423,0.6527943672369048,0.7657608695652174
classical_ml,classical_ml:gradient_boosting,val,probability,0.85,0.9435695538057742,0.8372093023255814,0.5,0.9898550724637681,0.6260869565217391,0.6209544305413631,0.7449275362318841
classical_ml,classical_ml:gradient_boosting,val,probability,0.9,0.9448818897637795,0.9166666666666666,0.4583333333333333,0.9956521739130435,0.611111111111111,0.6259119190643342,0.7269927536231884
classical_ml,classical_ml:gradient_boosting,val,probability,0.95,0.937007874015748,0.9285714285714286,0.3611111111111111,0.9971014492753624,0.52,0.5569350594142138,0.6791062801932367
vit,vit,test,probability,0.05,0.351278600269179,0.12293577981651377,0.9436619718309859,0.28869047619047616,0.21753246753246755,0.15450061663590858,0.616176224010731
vit,vit,test,probability,0.1,0.35397039030955585,0.12199630314232902,0.9295774647887324,0.2931547619047619,0.2156862745098039,0.14717110558533114,0.6113661133467472
vit,vit,test,probability,0.15,0.35800807537012114,0.12267657992565056,0.9295774647887324,0.2976190476190476,0.21674876847290644,0.1494333053967984,0.61359825620389
vit,vit,test,probability,0.2,0.37012113055181695,0.12476370510396975,0.9295774647887324,0.31101190476190477,0.22,0.15619082624036537,0.6202946847753186
vit,vit,test,probability,0.25,0.3876177658142665,0.12790697674418605,0.9295774647887324,0.33035714285714285,0.22487223168654177,0.1658976127878188,0.6299673038229376
vit,vit,test,probability,0.3,0.39569313593539707,0.12941176470588237,0.9295774647887324,0.3392857142857143,0.22719449225473323,0.17036567245481235,0.6344315895372233
vit,vit,test,probability,0.35,0.42934051144010765,0.13305613305613306,0.9014084507042254,0.3794642857142857,0.2318840579710145,0.17282247184026692,0.6404363682092555
vit,vit,test,probability,0.39999999999999997,0.4979811574697174,0.13875598086124402,0.8169014084507042,0.4642857142857143,0.23721881390593047,0.16664006154399374,0.6405935613682092
vit,vit,test,probability,0.44999999999999996,0.8707940780619112,0.34177215189873417,0.38028169014084506,0.9226190476190477,0.36,0.2888793888826633,0.6514503688799463
vit,vit,test,probability,0.49999999999999994,0.8977119784656796,0.45454545454545453,0.352112676056338,0.9553571428571429,0.3968253968253968,0.3452556060301749,0.6537349094567404
vit,vit,test,probability,0.5499999999999999,0.9071332436069987,0.5227272727272727,0.323943661971831,0.96875,0.4,0.36455428139173596,0.6463468309859155
vit,vit,test,probability,0.6,0.9125168236877523,0.5833333333333334,0.29577464788732394,0.9776785714285714,0.39252336448598135,0.37440004668239424,0.6367266096579477
vit,vit,test,probability,0.65,0.9138627187079408,0.6206896551724138,0.2535211267605634,0.9836309523809523,0.36,0.35999182832831483,0.6185760395707578
vit,vit,test,probability,0.7,0.9165545087483177,0.6666666666666666,0.2535211267605634,0.9866071428571429,0.3673469387755102,0.3772408449941612,0.6200641348088531
vit,vit,test,probability,0.75,0.9165545087483177,0.68,0.23943661971830985,0.9880952380952381,0.35416666666666663,0.370957193576983,0.613765928906774
vit,vit,test,probability,0.7999999999999999,0.917900403768506,0.7083333333333334,0.23943661971830985,0.9895833333333334,0.35789473684210527,0.3808176477543739,0.6145099765258216
vit,vit,test,probability,0.85,0.9165545087483177,0.6956521739130435,0.22535211267605634,0.9895833333333334,0.3404255319148936,0.3648309613559497,0.6074677230046949
vit,vit,test,probability,0.9,0.9165545087483177,0.7142857142857143,0.2112676056338028,0.9910714285714286,0.3260869565217391,0.35893452782592294,0.6011695171026157
vit,vit,test,probability,0.95,0.917900403768506,0.7777777777777778,0.19718309859154928,0.9940476190476191,0.3146067415730337,0.3656505322082782,0.5956153588195842
