trial_id,score,status,num_blocks,filters_base,kernel_size,dropout,batchnorm,dense_units,l2_reg,optimizer,learning_rate,tuner/epochs,tuner/initial_epoch,tuner/bracket,tuner/round,tuner/trial_id,family,tuner_type,objective,batch_size,epochs_configured,learning_rate_std,optimizer_std,dropout_std,dense_units_std,depth_std,backbone_std,score_rank_within_family,attention_type,se_ratio,attention_placement,spatial_kernel,num_layers,units,activation,l2,backbone_choice,focus_units,fusion_layers,fusion_units,fusion_dropout,unfreeze_top
7,0.9968095421791076,COMPLETED,5.0,48.0,3.0,0.0,1.0,256.0,0.0008271705653423,adam,0.0001274997881686,2.0,0.0,3.0,0.0,,cnn,hyperband,val_auc,32,50,0.0001274997881686,adam,0.0,256,5,,1.0,,,,,,,,,,,,,,
46,0.9954710006713868,COMPLETED,5.0,48.0,3.0,0.0,1.0,256.0,0.0008271705653423,adam,0.0001274997881686,17.0,6.0,3.0,2.0,34.0,cnn,hyperband,val_auc,32,50,0.0001274997881686,adam,0.0,256,5,,2.0,,,,,,,,,,,,,,
34,0.993075668811798,COMPLETED,5.0,48.0,3.0,0.0,1.0,256.0,0.0008271705653423,adam,0.0001274997881686,6.0,2.0,3.0,1.0,7.0,cnn,hyperband,val_auc,32,50,0.0001274997881686,adam,0.0,256,5,,3.0,,,,,,,,,,,,,,
76,0.9927937984466552,COMPLETED,4.0,40.0,3.0,0.2,1.0,192.0,0.0004821622586048,rmsprop,0.0007342753081583,17.0,0.0,1.0,0.0,,cnn,hyperband,val_auc,32,50,0.0007342753081583,rmsprop,0.2,192,4,,4.0,,,,,,,,,,,,,,
64,0.992129683494568,COMPLETED,4.0,56.0,3.0,0.4,1.0,192.0,0.0005926779558565,adam,0.0003447290699761,6.0,0.0,2.0,0.0,,cnn,hyperband,val_auc,32,50,0.0003447290699761,adam,0.4,192,4,,5.0,,,,,,,,,,,,,,
37,0.9919082522392272,COMPLETED,4.0,16.0,3.0,0.2,1.0,192.0,0.0006218904314465,rmsprop,0.0009694539380283,6.0,2.0,3.0,1.0,24.0,cnn,hyperband,val_auc,32,50,0.0009694539380283,rmsprop,0.2,192,4,,6.0,,,,,,,,,,,,,,
35,0.9917171001434326,COMPLETED,5.0,56.0,3.0,0.2,0.0,0.0,6.32628630715304e-06,adam,0.000198581047885,6.0,2.0,3.0,1.0,32.0,cnn,hyperband,val_auc,32,50,0.000198581047885,adam,0.2,0,5,,7.0,,,,,,,,,,,,,,
32,0.9901570081710817,COMPLETED,5.0,56.0,3.0,0.2,0.0,0.0,6.32628630715304e-06,adam,0.000198581047885,2.0,0.0,3.0,0.0,,cnn,hyperband,val_auc,32,50,0.000198581047885,adam,0.2,0,5,,8.0,,,,,,,,,,,,,,
57,0.9899657368659972,COMPLETED,3.0,64.0,3.0,0.0,1.0,256.0,3.522784379453303e-05,adam,0.0005479177682935,6.0,0.0,2.0,0.0,,cnn,hyperband,val_auc,32,50,0.0005479177682935,adam,0.0,256,3,,9.0,,,,,,,,,,,,,,
48,0.989482581615448,COMPLETED,5.0,56.0,3.0,0.2,0.0,0.0,6.32628630715304e-06,adam,0.000198581047885,17.0,6.0,3.0,2.0,35.0,cnn,hyperband,val_auc,32,50,0.000198581047885,adam,0.2,0,5,,10.0,,,,,,,,,,,,,,
47,0.989170789718628,COMPLETED,4.0,16.0,3.0,0.2,1.0,192.0,0.0006218904314465,rmsprop,0.0009694539380283,17.0,6.0,3.0,2.0,37.0,cnn,hyperband,val_auc,32,50,0.0009694539380283,rmsprop,0.2,192,4,,11.0,,,,,,,,,,,,,,
51,0.9889492988586426,COMPLETED,5.0,56.0,3.0,0.2,0.0,0.0,6.32628630715304e-06,adam,0.000198581047885,50.0,17.0,3.0,3.0,48.0,cnn,hyperband,val_auc,32,50,0.000198581047885,adam,0.2,0,5,,12.0,,,,,,,,,,,,,,
50,0.98883855342865,COMPLETED,5.0,48.0,3.0,0.0,1.0,256.0,0.0008271705653423,adam,0.0001274997881686,50.0,17.0,3.0,3.0,46.0,cnn,hyperband,val_auc,32,50,0.0001274997881686,adam,0.0,256,5,,13.0,,,,,,,,,,,,,,
18,0.98854660987854,COMPLETED,3.0,40.0,3.0,0.2,1.0,128.0,0.0003847045824459,rmsprop,0.0004566366132229,2.0,0.0,3.0,0.0,,cnn,hyperband,val_auc,32,50,0.0004566366132229,rmsprop,0.2,128,3,,14.0,,,,,,,,,,,,,,
58,0.9864030480384828,COMPLETED,5.0,24.0,3.0,0.0,1.0,192.0,0.0007983215131971,rmsprop,0.0002323756629003,6.0,0.0,2.0,0.0,,cnn,hyperband,val_auc,32,50,0.0002323756629003,rmsprop,0.0,192,5,,15.0,,,,,,,,,,,,,,
43,0.985859513282776,COMPLETED,4.0,40.0,3.0,0.2,1.0,128.0,0.0006986371849031,adam,0.0005009769004545,6.0,2.0,3.0,1.0,30.0,cnn,hyperband,val_auc,32,50,0.0005009769004545,adam,0.2,128,4,,16.0,,,,,,,,,,,,,,
77,0.981894075870514,COMPLETED,4.0,16.0,3.0,0.0,1.0,0.0,0.0008149016479579,rmsprop,0.0009451937190871,17.0,0.0,1.0,0.0,,cnn,hyperband,val_auc,32,50,0.0009451937190871,rmsprop,0.0,0,4,,17.0,,,,,,,,,,,,,,
71,0.9801731705665588,COMPLETED,3.0,24.0,3.0,0.0,1.0,64.0,0.0002370863065109,adam,0.0009155911093474,17.0,6.0,2.0,1.0,63.0,cnn,hyperband,val_auc,32,50,0.0009155911093474,adam,0.0,64,3,,18.0,,,,,,,,,,,,,,
24,0.9793781042099,COMPLETED,4.0,16.0,3.0,0.2,1.0,192.0,0.0006218904314465,rmsprop,0.0009694539380283,2.0,0.0,3.0,0.0,,cnn,hyperband,val_auc,32,50,0.0009694539380283,rmsprop,0.2,192,4,,19.0,,,,,,,,,,,,,,
4,0.9789352416992188,COMPLETED,5.0,24.0,3.0,0.2,1.0,128.0,0.0007315311304002,adam,0.0008123733423653,2.0,0.0,3.0,0.0,,cnn,hyperband,val_auc,32,50,0.0008123733423653,adam,0.2,128,5,,20.0,,,,,,,,,,,,,,
87,0.97784823179245,COMPLETED,4.0,32.0,3.0,0.3,1.0,192.0,0.0003160538743565,rmsprop,0.00074027805333,50.0,0.0,0.0,0.0,,cnn,hyperband,val_auc,32,50,0.00074027805333,rmsprop,0.3,192,4,,21.0,,,,,,,,,,,,,,
36,0.9777777791023254,COMPLETED,3.0,40.0,3.0,0.2,1.0,128.0,0.0003847045824459,rmsprop,0.0004566366132229,6.0,2.0,3.0,1.0,18.0,cnn,hyperband,val_auc,32,50,0.0004566366132229,rmsprop,0.2,128,3,,22.0,,,,,,,,,,,,,,
44,0.9770933985710144,COMPLETED,3.0,24.0,3.0,0.2,1.0,128.0,0.000148171206387,rmsprop,0.0009639648371754,6.0,2.0,3.0,1.0,6.0,cnn,hyperband,val_auc,32,50,0.0009639648371754,rmsprop,0.2,128,3,,23.0,,,,,,,,,,,,,,
83,0.975825309753418,COMPLETED,4.0,16.0,3.0,0.0,1.0,0.0,0.0008149016479579,rmsprop,0.0009451937190871,50.0,17.0,1.0,1.0,77.0,cnn,hyperband,val_auc,32,50,0.0009451937190871,rmsprop,0.0,0,4,,24.0,,,,,,,,,,,,,,
41,0.975171148777008,COMPLETED,5.0,32.0,3.0,0.3,1.0,64.0,0.0009196182992718,rmsprop,0.0007344961639169,6.0,2.0,3.0,1.0,20.0,cnn,hyperband,val_auc,32,50,0.0007344961639169,rmsprop,0.3,64,5,,25.0,,,,,,,,,,,,,,
89,0.9748390316963196,COMPLETED,4.0,16.0,5.0,0.0,0.0,128.0,0.0001015318778271,rmsprop,0.0007365052851281,50.0,0.0,0.0,0.0,,cnn,hyperband,val_auc,32,50,0.0007365052851281,rmsprop,0.0,128,4,,26.0,,,,,,,,,,,,,,
49,0.9707125425338744,COMPLETED,4.0,40.0,3.0,0.2,1.0,128.0,0.0006986371849031,adam,0.0005009769004545,17.0,6.0,3.0,2.0,43.0,cnn,hyperband,val_auc,32,50,0.0005009769004545,adam,0.2,128,4,,27.0,,,,,,,,,,,,,,
25,0.969555139541626,COMPLETED,2.0,56.0,3.0,0.4,1.0,256.0,0.0001920598347906,adam,0.0007836795869032,2.0,0.0,3.0,0.0,,cnn,hyperband,val_auc,32,50,0.0007836795869032,adam,0.4,256,2,,28.0,,,,,,,,,,,,,,
82,0.9695451259613036,COMPLETED,4.0,40.0,3.0,0.2,1.0,192.0,0.0004821622586048,rmsprop,0.0007342753081583,50.0,17.0,1.0,1.0,76.0,cnn,hyperband,val_auc,32,50,0.0007342753081583,rmsprop,0.2,192,4,,29.0,,,,,,,,,,,,,,
5,0.9689512848854064,COMPLETED,2.0,32.0,3.0,0.1,1.0,128.0,0.0009123433593597,rmsprop,0.0007841453304787,2.0,0.0,3.0,0.0,,cnn,hyperband,val_auc,32,50,0.0007841453304787,rmsprop,0.1,128,2,,30.0,,,,,,,,,,,,,,
20,0.9676027297973632,COMPLETED,5.0,32.0,3.0,0.3,1.0,64.0,0.0009196182992718,rmsprop,0.0007344961639169,2.0,0.0,3.0,0.0,,cnn,hyperband,val_auc,32,50,0.0007344961639169,rmsprop,0.3,64,5,,31.0,,,,,,,,,,,,,,
17,0.9667974710464478,COMPLETED,4.0,48.0,5.0,0.0,1.0,0.0,6.710225875940379e-05,rmsprop,0.0001816823641815,2.0,0.0,3.0,0.0,,cnn,hyperband,val_auc,32,50,0.0001816823641815,rmsprop,0.0,0,4,,32.0,,,,,,,,,,,,,,
55,0.9640800952911376,COMPLETED,2.0,48.0,3.0,0.0,1.0,256.0,0.0004793919807025,adam,0.0005645749485234,6.0,0.0,2.0,0.0,,cnn,hyperband,val_auc,32,50,0.0005645749485234,adam,0.0,256,2,,33.0,,,,,,,,,,,,,,
72,0.9620370268821716,COMPLETED,3.0,24.0,3.0,0.0,1.0,64.0,0.0002370863065109,adam,0.0009155911093474,50.0,17.0,2.0,2.0,71.0,cnn,hyperband,val_auc,32,50,0.0009155911093474,adam,0.0,64,3,,34.0,,,,,,,,,,,,,,
30,0.9614331126213074,COMPLETED,4.0,40.0,3.0,0.2,1.0,128.0,0.0006986371849031,adam,0.0005009769004545,2.0,0.0,3.0,0.0,,cnn,hyperband,val_auc,32,50,0.0005009769004545,adam,0.2,128,4,,35.0,,,,,,,,,,,,,,
40,0.961282193660736,COMPLETED,2.0,32.0,3.0,0.1,1.0,128.0,0.0009123433593597,rmsprop,0.0007841453304787,6.0,2.0,3.0,1.0,5.0,cnn,hyperband,val_auc,32,50,0.0007841453304787,rmsprop,0.1,128,2,,36.0,,,,,,,,,,,,,,
63,0.9570954442024232,COMPLETED,3.0,24.0,3.0,0.0,1.0,64.0,0.0002370863065109,adam,0.0009155911093474,6.0,0.0,2.0,0.0,,cnn,hyperband,val_auc,32,50,0.0009155911093474,adam,0.0,64,3,,37.0,,,,,,,,,,,,,,
38,0.9546597599983216,COMPLETED,5.0,24.0,3.0,0.2,1.0,128.0,0.0007315311304002,adam,0.0008123733423653,6.0,2.0,3.0,1.0,4.0,cnn,hyperband,val_auc,32,50,0.0008123733423653,adam,0.2,128,5,,38.0,,,,,,,,,,,,,,
68,0.9465378522872924,COMPLETED,3.0,64.0,3.0,0.0,1.0,256.0,3.522784379453303e-05,adam,0.0005479177682935,17.0,6.0,2.0,1.0,57.0,cnn,hyperband,val_auc,32,50,0.0005479177682935,adam,0.0,256,3,,39.0,,,,,,,,,,,,,,
67,0.9336352348327636,COMPLETED,4.0,56.0,3.0,0.4,1.0,192.0,0.0005926779558565,adam,0.0003447290699761,17.0,6.0,2.0,1.0,64.0,cnn,hyperband,val_auc,32,50,0.0003447290699761,adam,0.4,192,4,,40.0,,,,,,,,,,,,,,
6,0.928824543952942,COMPLETED,3.0,24.0,3.0,0.2,1.0,128.0,0.000148171206387,rmsprop,0.0009639648371754,2.0,0.0,3.0,0.0,,cnn,hyperband,val_auc,32,50,0.0009639648371754,rmsprop,0.2,128,3,,41.0,,,,,,,,,,,,,,
84,0.9279287457466124,COMPLETED,4.0,48.0,3.0,0.0,0.0,0.0,0.0009389118770036,rmsprop,0.0005460502514353,50.0,17.0,1.0,1.0,74.0,cnn,hyperband,val_auc,32,50,0.0005460502514353,rmsprop,0.0,0,4,,42.0,,,,,,,,,,,,,,
1,0.92396342754364,COMPLETED,2.0,64.0,5.0,0.4,1.0,256.0,4.256571358257688e-05,rmsprop,0.0003017669273625,2.0,0.0,3.0,0.0,,cnn,hyperband,val_auc,32,50,0.0003017669273625,rmsprop,0.4,256,2,,43.0,,,,,,,,,,,,,,
65,0.9198570847511292,COMPLETED,2.0,64.0,3.0,0.4,1.0,0.0,0.0009820725297773,rmsprop,0.0004026955441272,6.0,0.0,2.0,0.0,,cnn,hyperband,val_auc,32,50,0.0004026955441272,rmsprop,0.4,0,2,,44.0,,,,,,,,,,,,,,
11,0.917512059211731,COMPLETED,4.0,48.0,5.0,0.2,0.0,0.0,0.0006052398804018,adam,0.0001639967567346,2.0,0.0,3.0,0.0,,cnn,hyperband,val_auc,32,50,0.0001639967567346,adam,0.2,0,4,,45.0,,,,,,,,,,,,,,
73,0.9162540435791016,COMPLETED,3.0,64.0,3.0,0.0,1.0,256.0,3.522784379453303e-05,adam,0.0005479177682935,50.0,17.0,2.0,2.0,68.0,cnn,hyperband,val_auc,32,50,0.0005479177682935,adam,0.0,256,3,,46.0,,,,,,,,,,,,,,
12,0.915891706943512,COMPLETED,5.0,48.0,5.0,0.4,1.0,128.0,0.0004877794788599,rmsprop,0.0007158270757627,2.0,0.0,3.0,0.0,,cnn,hyperband,val_auc,32,50,0.0007158270757627,rmsprop,0.4,128,5,,47.0,,,,,,,,,,,,,,
13,0.915197253227234,COMPLETED,3.0,16.0,5.0,0.0,0.0,0.0,1.6825005872407096e-05,adam,0.0003059460151093,2.0,0.0,3.0,0.0,,cnn,hyperband,val_auc,32,50,0.0003059460151093,adam,0.0,0,3,,48.0,,,,,,,,,,,,,,
74,0.9114633202552797,COMPLETED,4.0,48.0,3.0,0.0,0.0,0.0,0.0009389118770036,rmsprop,0.0005460502514353,17.0,0.0,1.0,0.0,,cnn,hyperband,val_auc,32,50,0.0005460502514353,rmsprop,0.0,0,4,,49.0,,,,,,,,,,,,,,
16,0.9099738001823424,COMPLETED,3.0,32.0,5.0,0.2,1.0,192.0,0.0003733361872477,rmsprop,0.0008334023828978,2.0,0.0,3.0,0.0,,cnn,hyperband,val_auc,32,50,0.0008334023828978,rmsprop,0.2,192,3,,50.0,,,,,,,,,,,,,,
42,0.9053241014480592,COMPLETED,4.0,48.0,5.0,0.0,1.0,0.0,6.710225875940379e-05,rmsprop,0.0001816823641815,6.0,2.0,3.0,1.0,17.0,cnn,hyperband,val_auc,32,50,0.0001816823641815,rmsprop,0.0,0,4,,51.0,,,,,,,,,,,,,,
23,0.902163863182068,COMPLETED,3.0,32.0,3.0,0.3,0.0,64.0,5.529818180508495e-05,adam,0.0003853576583427,2.0,0.0,3.0,0.0,,cnn,hyperband,val_auc,32,50,0.0003853576583427,adam,0.3,64,3,,52.0,,,,,,,,,,,,,,
3,0.8908312916755676,COMPLETED,4.0,64.0,3.0,0.0,1.0,256.0,0.000450845134145,adam,0.000819203832205,2.0,0.0,3.0,0.0,,cnn,hyperband,val_auc,32,50,0.000819203832205,adam,0.0,256,4,,53.0,,,,,,,,,,,,,,
10,0.8865237236022949,COMPLETED,3.0,40.0,3.0,0.3,0.0,0.0,0.0001934363348923,adam,0.0007944318457284,2.0,0.0,3.0,0.0,,cnn,hyperband,val_auc,32,50,0.0007944318457284,adam,0.3,0,3,,54.0,,,,,,,,,,,,,,
66,0.8822765946388245,COMPLETED,2.0,64.0,3.0,0.3,0.0,256.0,0.0003928483841377,rmsprop,0.0005689896951307,6.0,0.0,2.0,0.0,,cnn,hyperband,val_auc,32,50,0.0005689896951307,rmsprop,0.3,256,2,,55.0,,,,,,,,,,,,,,
60,0.8791565895080566,COMPLETED,2.0,48.0,3.0,0.1,0.0,128.0,0.0001633427689463,adam,0.0003294162427151,6.0,0.0,2.0,0.0,,cnn,hyperband,val_auc,32,50,0.0003294162427151,adam,0.1,128,2,,56.0,,,,,,,,,,,,,,
21,0.8726348280906677,COMPLETED,5.0,24.0,5.0,0.1,1.0,192.0,0.000622525926642,rmsprop,0.0002068458711533,2.0,0.0,3.0,0.0,,cnn,hyperband,val_auc,32,50,0.0002068458711533,rmsprop,0.1,192,5,,57.0,,,,,,,,,,,,,,
2,0.8725039958953857,COMPLETED,3.0,40.0,5.0,0.2,1.0,128.0,7.08089270590726e-05,adam,0.0007675020420531,2.0,0.0,3.0,0.0,,cnn,hyperband,val_auc,32,50,0.0007675020420531,adam,0.2,128,3,,58.0,,,,,,,,,,,,,,
29,0.8595612049102783,COMPLETED,2.0,16.0,3.0,0.2,0.0,0.0,6.3447835275673e-05,rmsprop,0.000838397840694,2.0,0.0,3.0,0.0,,cnn,hyperband,val_auc,32,50,0.000838397840694,rmsprop,0.2,0,2,,59.0,,,,,,,,,,,,,,
14,0.8549517393112183,COMPLETED,4.0,24.0,5.0,0.3,1.0,64.0,0.0008041030466905,adam,0.0001267292525619,2.0,0.0,3.0,0.0,,cnn,hyperband,val_auc,32,50,0.0001267292525619,adam,0.3,64,4,,60.0,,,,,,,,,,,,,,
88,0.8538848161697388,COMPLETED,2.0,40.0,5.0,0.0,0.0,256.0,0.0007251993037481,adam,0.0001225993609922,50.0,0.0,0.0,0.0,,cnn,hyperband,val_auc,32,50,0.0001225993609922,adam,0.0,256,2,,61.0,,,,,,,,,,,,,,
69,0.8532307147979736,COMPLETED,5.0,24.0,3.0,0.0,1.0,192.0,0.0007983215131971,rmsprop,0.0002323756629003,17.0,6.0,2.0,1.0,58.0,cnn,hyperband,val_auc,32,50,0.0002323756629003,rmsprop,0.0,192,5,,62.0,,,,,,,,,,,,,,
54,0.852445662021637,COMPLETED,2.0,16.0,5.0,0.3,1.0,64.0,0.0001172141112946,adam,0.0003984505917123,6.0,0.0,2.0,0.0,,cnn,hyperband,val_auc,32,50,0.0003984505917123,adam,0.3,64,2,,63.0,,,,,,,,,,,,,,
28,0.8416968584060669,COMPLETED,2.0,64.0,3.0,0.2,1.0,64.0,0.0005976957854363,adam,0.0009686835974584,2.0,0.0,3.0,0.0,,cnn,hyperband,val_auc,32,50,0.0009686835974584,adam,0.2,64,2,,64.0,,,,,,,,,,,,,,
80,0.8380938172340393,COMPLETED,4.0,24.0,3.0,0.3,1.0,128.0,0.0008434983763243,rmsprop,0.0002934119572145,17.0,0.0,1.0,0.0,,cnn,hyperband,val_auc,32,50,0.0002934119572145,rmsprop,0.3,128,4,,65.0,,,,,,,,,,,,,,
79,0.8339170813560486,COMPLETED,5.0,48.0,5.0,0.4,1.0,64.0,0.0004223019695992,adam,0.0007693918240972,17.0,0.0,1.0,0.0,,cnn,hyperband,val_auc,32,50,0.0007693918240972,adam,0.4,64,5,,66.0,,,,,,,,,,,,,,
81,0.830173134803772,COMPLETED,2.0,16.0,5.0,0.4,0.0,128.0,2.123170899159055e-05,adam,0.0005638290830547,17.0,0.0,1.0,0.0,,cnn,hyperband,val_auc,32,50,0.0005638290830547,adam,0.4,128,2,,67.0,,,,,,,,,,,,,,
61,0.8292069435119629,COMPLETED,4.0,24.0,5.0,0.2,1.0,64.0,0.000984169765024,adam,0.0005777924549217,6.0,0.0,2.0,0.0,,cnn,hyperband,val_auc,32,50,0.0005777924549217,adam,0.2,64,4,,68.0,,,,,,,,,,,,,,
0,0.8278683423995972,COMPLETED,4.0,16.0,3.0,0.1,0.0,64.0,0.0005481578284163,adam,0.0005477829118827,2.0,0.0,3.0,0.0,,cnn,hyperband,val_auc,32,50,0.0005477829118827,adam,0.1,64,4,,69.0,,,,,,,,,,,,,,
62,0.8259359002113342,COMPLETED,2.0,32.0,3.0,0.0,1.0,192.0,0.0003088946587429,rmsprop,0.0008085968034658,6.0,0.0,2.0,0.0,,cnn,hyperband,val_auc,32,50,0.0008085968034658,rmsprop,0.0,192,2,,70.0,,,,,,,,,,,,,,
86,0.8184379935264587,COMPLETED,5.0,64.0,5.0,0.0,1.0,192.0,7.624563725702283e-05,adam,0.0009505829758341,50.0,0.0,0.0,0.0,,cnn,hyperband,val_auc,32,50,0.0009505829758341,adam,0.0,192,5,,71.0,,,,,,,,,,,,,,
9,0.8134762644767761,COMPLETED,2.0,64.0,5.0,0.2,1.0,256.0,0.0005860977684559,rmsprop,0.0003838916699231,2.0,0.0,3.0,0.0,,cnn,hyperband,val_auc,32,50,0.0003838916699231,rmsprop,0.2,256,2,,72.0,,,,,,,,,,,,,,
70,0.8126106858253479,COMPLETED,2.0,48.0,3.0,0.0,1.0,256.0,0.0004793919807025,adam,0.0005645749485234,17.0,6.0,2.0,1.0,55.0,cnn,hyperband,val_auc,32,50,0.0005645749485234,adam,0.0,256,2,,73.0,,,,,,,,,,,,,,
26,0.8075885772705078,COMPLETED,3.0,64.0,5.0,0.2,1.0,0.0,0.0006717172267976,rmsprop,0.0001295403803806,2.0,0.0,3.0,0.0,,cnn,hyperband,val_auc,32,50,0.0001295403803806,rmsprop,0.2,0,3,,74.0,,,,,,,,,,,,,,
85,0.8033514618873596,COMPLETED,2.0,48.0,3.0,0.4,1.0,192.0,0.0005925680810882,rmsprop,0.000569792347117,50.0,0.0,0.0,0.0,,cnn,hyperband,val_auc,32,50,0.000569792347117,rmsprop,0.4,192,2,,75.0,,,,,,,,,,,,,,
39,0.8032306432723999,COMPLETED,2.0,56.0,3.0,0.4,1.0,256.0,0.0001920598347906,adam,0.0007836795869032,6.0,2.0,3.0,1.0,25.0,cnn,hyperband,val_auc,32,50,0.0007836795869032,adam,0.4,256,2,,76.0,,,,,,,,,,,,,,
8,0.7680354118347168,COMPLETED,2.0,64.0,5.0,0.1,0.0,256.0,0.0005149379540077,adam,0.0005590166560691,2.0,0.0,3.0,0.0,,cnn,hyperband,val_auc,32,50,0.0005590166560691,adam,0.1,256,2,,77.0,,,,,,,,,,,,,,
45,0.7601046562194824,COMPLETED,2.0,64.0,5.0,0.4,1.0,256.0,4.256571358257688e-05,rmsprop,0.0003017669273625,6.0,2.0,3.0,1.0,1.0,cnn,hyperband,val_auc,32,50,0.0003017669273625,rmsprop,0.4,256,2,,78.0,,,,,,,,,,,,,,
33,0.7252616882324219,COMPLETED,2.0,32.0,5.0,0.0,1.0,64.0,0.0007706592178728,rmsprop,0.0004152233529053,2.0,0.0,3.0,0.0,,cnn,hyperband,val_auc,32,50,0.0004152233529053,rmsprop,0.0,64,2,,79.0,,,,,,,,,,,,,,
27,0.710899829864502,COMPLETED,4.0,40.0,5.0,0.4,0.0,128.0,0.0006584375088863,rmsprop,0.0005298211680552,2.0,0.0,3.0,0.0,,cnn,hyperband,val_auc,32,50,0.0005298211680552,rmsprop,0.4,128,4,,80.0,,,,,,,,,,,,,,
22,0.7052234411239624,COMPLETED,5.0,48.0,3.0,0.4,0.0,0.0,0.0009270747755487,adam,0.0008530951334115,2.0,0.0,3.0,0.0,,cnn,hyperband,val_auc,32,50,0.0008530951334115,adam,0.4,0,5,,81.0,,,,,,,,,,,,,,
19,0.6384057998657227,COMPLETED,2.0,40.0,3.0,0.4,0.0,64.0,0.0006982233869838,rmsprop,0.0003209212748915,2.0,0.0,3.0,0.0,,cnn,hyperband,val_auc,32,50,0.0003209212748915,rmsprop,0.4,64,2,,82.0,,,,,,,,,,,,,,
59,0.6071054935455322,COMPLETED,2.0,32.0,5.0,0.2,0.0,64.0,0.0009310406118445,adam,0.0006618646093778,6.0,0.0,2.0,0.0,,cnn,hyperband,val_auc,32,50,0.0006618646093778,adam,0.2,64,2,,83.0,,,,,,,,,,,,,,
53,0.5815519690513611,COMPLETED,2.0,56.0,3.0,0.4,0.0,192.0,0.0007804173690829,rmsprop,0.0007089697692889,6.0,0.0,2.0,0.0,,cnn,hyperband,val_auc,32,50,0.0007089697692889,rmsprop,0.4,192,2,,84.0,,,,,,,,,,,,,,
78,0.5745471119880676,COMPLETED,4.0,64.0,3.0,0.0,0.0,64.0,0.0008267270888804,rmsprop,0.0009799165374941,17.0,0.0,1.0,0.0,,cnn,hyperband,val_auc,32,50,0.0009799165374941,rmsprop,0.0,64,4,,85.0,,,,,,,,,,,,,,
31,0.5615338087081909,COMPLETED,3.0,64.0,5.0,0.2,0.0,0.0,0.0008630068753574,rmsprop,0.0008469442920998,2.0,0.0,3.0,0.0,,cnn,hyperband,val_auc,32,50,0.0008469442920998,rmsprop,0.2,0,3,,86.0,,,,,,,,,,,,,,
75,0.5277174115180969,COMPLETED,5.0,64.0,5.0,0.3,0.0,64.0,0.0004820492373107,adam,0.000817603828873,17.0,0.0,1.0,0.0,,cnn,hyperband,val_auc,32,50,0.000817603828873,adam,0.3,64,5,,87.0,,,,,,,,,,,,,,
15,0.5,COMPLETED,5.0,64.0,5.0,0.0,0.0,128.0,0.0001079443550947,adam,0.0009102014918733,2.0,0.0,3.0,0.0,,cnn,hyperband,val_auc,32,50,0.0009102014918733,adam,0.0,128,5,,88.0,,,,,,,,,,,,,,
56,0.5,COMPLETED,4.0,64.0,5.0,0.2,0.0,192.0,0.0005673817886832,adam,0.0006537483604752,6.0,0.0,2.0,0.0,,cnn,hyperband,val_auc,32,50,0.0006537483604752,adam,0.2,192,4,,88.0,,,,,,,,,,,,,,
52,0.5,COMPLETED,5.0,32.0,5.0,0.4,0.0,0.0,0.0002138809427457,adam,0.0006849152746583,6.0,0.0,2.0,0.0,,cnn,hyperband,val_auc,32,50,0.0006849152746583,adam,0.4,0,5,,88.0,,,,,,,,,,,,,,
45,0.9950482845306396,COMPLETED,3.0,40.0,3.0,0.0,1.0,64.0,0.0001595803612717,rmsprop,0.0008107217163213,,,,,,cnn_attention,bayesian,val_auc,32,50,0.0008107217163213,rmsprop,0.0,64,3,,1.0,none,4.0,all,3.0,,,,,,,,,,
35,0.992834210395813,COMPLETED,4.0,40.0,3.0,0.2,1.0,192.0,0.0004821622586048,rmsprop,0.0007342753081583,,,,,,cnn_attention,bayesian,val_auc,32,50,0.0007342753081583,rmsprop,0.2,192,4,,2.0,se,8.0,all,7.0,,,,,,,,,,
44,0.992814004421234,COMPLETED,4.0,40.0,3.0,0.0,1.0,128.0,0.0003716064112053,rmsprop,0.0007794321996928,,,,,,cnn_attention,bayesian,val_auc,32,50,0.0007794321996928,rmsprop,0.0,128,4,,3.0,none,8.0,last_two,7.0,,,,,,,,,,
4,0.9927937984466552,COMPLETED,3.0,32.0,3.0,0.2,1.0,256.0,0.0009599609301949,rmsprop,0.0007396153597562,,,,,,cnn_attention,bayesian,val_auc,32,50,0.0007396153597562,rmsprop,0.2,256,3,,4.0,cbam,16.0,all,3.0,,,,,,,,,,
47,0.9924617409706116,COMPLETED,3.0,40.0,3.0,0.0,1.0,192.0,0.0008540194288515,rmsprop,0.0008291929640124,,,,,,cnn_attention,bayesian,val_auc,32,50,0.0008291929640124,rmsprop,0.0,192,3,,5.0,none,4.0,last_two,3.0,,,,,,,,,,
40,0.9894424676895142,COMPLETED,4.0,40.0,3.0,0.1,1.0,64.0,0.0005708617660938,rmsprop,0.0008562521619736,,,,,,cnn_attention,bayesian,val_auc,32,50,0.0008562521619736,rmsprop,0.1,64,4,,6.0,cbam,4.0,all,3.0,,,,,,,,,,
46,0.9892008900642396,COMPLETED,3.0,32.0,3.0,0.0,1.0,256.0,0.0003398277269777,rmsprop,0.0002790835666085,,,,,,cnn_attention,bayesian,val_auc,32,50,0.0002790835666085,rmsprop,0.0,256,3,,7.0,none,8.0,last_two,3.0,,,,,,,,,,
49,0.9884459376335144,COMPLETED,3.0,40.0,3.0,0.0,1.0,64.0,0.0005139900183236,rmsprop,0.0007586651058824,,,,,,cnn_attention,bayesian,val_auc,32,50,0.0007586651058824,rmsprop,0.0,64,3,,8.0,se,4.0,last_two,7.0,,,,,,,,,,
9,0.9838869571685792,COMPLETED,4.0,16.0,3.0,0.0,1.0,192.0,0.0002555275002106,rmsprop,0.0008034024665056,,,,,,cnn_attention,bayesian,val_auc,32,50,0.0008034024665056,rmsprop,0.0,192,4,,9.0,cbam,4.0,last_two,3.0,,,,,,,,,,
42,0.981521725654602,COMPLETED,4.0,32.0,3.0,0.0,1.0,192.0,0.0008114800627083,rmsprop,0.0006652027880592,,,,,,cnn_attention,bayesian,val_auc,32,50,0.0006652027880592,rmsprop,0.0,192,4,,10.0,cbam,8.0,all,3.0,,,,,,,,,,
0,0.9808171987533568,COMPLETED,5.0,32.0,5.0,0.0,1.0,64.0,0.0009783548583709,rmsprop,0.0009222786752994,,,,,,cnn_attention,bayesian,val_auc,32,50,0.0009222786752994,rmsprop,0.0,64,5,,11.0,cbam,4.0,all,3.0,,,,,,,,,,
25,0.9737117290496826,COMPLETED,3.0,16.0,3.0,0.1,1.0,192.0,0.0002406551279332,adam,0.0001280878191903,,,,,,cnn_attention,bayesian,val_auc,32,50,0.0001280878191903,adam,0.1,192,3,,12.0,se,16.0,last_two,3.0,,,,,,,,,,
29,0.9704508781433104,COMPLETED,3.0,40.0,3.0,0.0,1.0,64.0,0.0005945108523756,adam,0.0009708916102585,,,,,,cnn_attention,bayesian,val_auc,32,50,0.0009708916102585,adam,0.0,64,3,,13.0,cbam,4.0,last_two,3.0,,,,,,,,,,
27,0.964009702205658,COMPLETED,2.0,64.0,3.0,0.1,1.0,256.0,0.0002496421160109,adam,0.0001391769764283,,,,,,cnn_attention,bayesian,val_auc,32,50,0.0001391769764283,adam,0.1,256,2,,14.0,cbam,16.0,all,3.0,,,,,,,,,,
39,0.9617653489112854,COMPLETED,3.0,40.0,3.0,0.1,1.0,192.0,0.0004069201103048,rmsprop,0.0006168306770674,,,,,,cnn_attention,bayesian,val_auc,32,50,0.0006168306770674,rmsprop,0.1,192,3,,15.0,cbam,8.0,all,3.0,,,,,,,,,,
38,0.9597824811935424,COMPLETED,4.0,32.0,3.0,0.4,0.0,64.0,1.417461988606017e-05,adam,0.0009592299068749,,,,,,cnn_attention,bayesian,val_auc,32,50,0.0009592299068749,adam,0.4,64,4,,16.0,none,12.0,all,3.0,,,,,,,,,,
12,0.9556663036346436,COMPLETED,5.0,16.0,3.0,0.2,1.0,128.0,0.0002790623867929,rmsprop,0.0004462341242013,,,,,,cnn_attention,bayesian,val_auc,32,50,0.0004462341242013,rmsprop,0.2,128,5,,17.0,se,8.0,all,3.0,,,,,,,,,,
3,0.953401744365692,COMPLETED,2.0,56.0,3.0,0.1,1.0,64.0,8.352052115358566e-05,adam,0.0009211090234237,,,,,,cnn_attention,bayesian,val_auc,32,50,0.0009211090234237,adam,0.1,64,2,,18.0,cbam,4.0,all,7.0,,,,,,,,,,
30,0.9450383186340332,COMPLETED,3.0,40.0,3.0,0.2,1.0,0.0,0.0003664077279915,rmsprop,0.0003780051928686,,,,,,cnn_attention,bayesian,val_auc,32,50,0.0003780051928686,rmsprop,0.2,0,3,,19.0,cbam,4.0,all,7.0,,,,,,,,,,
41,0.917149782180786,COMPLETED,4.0,48.0,3.0,0.2,1.0,128.0,0.0001310685460284,adam,0.0007307491490567,,,,,,cnn_attention,bayesian,val_auc,32,50,0.0007307491490567,adam,0.2,128,4,,20.0,cbam,12.0,all,3.0,,,,,,,,,,
22,0.913325309753418,COMPLETED,2.0,40.0,5.0,0.0,1.0,64.0,0.00010953449765,adam,0.0004599969783244,,,,,,cnn_attention,bayesian,val_auc,32,50,0.0004599969783244,adam,0.0,64,2,,21.0,cbam,16.0,last_two,7.0,,,,,,,,,,
43,0.91192626953125,COMPLETED,4.0,40.0,3.0,0.1,1.0,256.0,0.0005604406271304,rmsprop,0.0004690788015914,,,,,,cnn_attention,bayesian,val_auc,32,50,0.0004690788015914,rmsprop,0.1,256,4,,22.0,se,16.0,all,3.0,,,,,,,,,,
10,0.9109903573989868,COMPLETED,2.0,64.0,5.0,0.4,1.0,128.0,0.000452065865349,adam,0.0003483261190877,,,,,,cnn_attention,bayesian,val_auc,32,50,0.0003483261190877,adam,0.4,128,2,,23.0,cbam,8.0,last_two,3.0,,,,,,,,,,
20,0.9038647413253784,COMPLETED,3.0,48.0,3.0,0.0,0.0,256.0,0.0006503872137164,rmsprop,0.0002767881476183,,,,,,cnn_attention,bayesian,val_auc,32,50,0.0002767881476183,rmsprop,0.0,256,3,,24.0,none,4.0,all,3.0,,,,,,,,,,
37,0.8907105922698975,COMPLETED,5.0,56.0,5.0,0.4,0.0,64.0,0.0003776024592743,adam,0.0002266938334547,,,,,,cnn_attention,bayesian,val_auc,32,50,0.0002266938334547,adam,0.4,64,5,,25.0,none,4.0,last_two,7.0,,,,,,,,,,
19,0.8772745728492737,COMPLETED,3.0,24.0,5.0,0.0,0.0,64.0,0.0003640795170616,rmsprop,0.0004588615928846,,,,,,cnn_attention,bayesian,val_auc,32,50,0.0004588615928846,rmsprop,0.0,64,3,,26.0,none,12.0,last_two,7.0,,,,,,,,,,
23,0.866304337978363,COMPLETED,5.0,40.0,3.0,0.4,1.0,256.0,0.0008579462588586,rmsprop,0.0001877964733535,,,,,,cnn_attention,bayesian,val_auc,32,50,0.0001877964733535,rmsprop,0.4,256,5,,27.0,cbam,4.0,all,3.0,,,,,,,,,,
17,0.8554046154022217,COMPLETED,2.0,56.0,3.0,0.4,1.0,256.0,0.0001920598347906,adam,0.0007836795869032,,,,,,cnn_attention,bayesian,val_auc,32,50,0.0007836795869032,adam,0.4,256,2,,28.0,none,12.0,last_two,7.0,,,,,,,,,,
15,0.8549215197563171,COMPLETED,4.0,32.0,5.0,0.4,1.0,256.0,0.0004582543398292,rmsprop,0.0003439792545477,,,,,,cnn_attention,bayesian,val_auc,32,50,0.0003439792545477,rmsprop,0.4,256,4,,29.0,cbam,16.0,all,7.0,,,,,,,,,,
8,0.8441424369812012,COMPLETED,5.0,48.0,5.0,0.4,1.0,128.0,0.0004877794788599,rmsprop,0.0007158270757627,,,,,,cnn_attention,bayesian,val_auc,32,50,0.0007158270757627,rmsprop,0.4,128,5,,30.0,se,12.0,all,3.0,,,,,,,,,,
1,0.8435788750648499,COMPLETED,2.0,32.0,3.0,0.4,1.0,128.0,0.0004147439993086,adam,0.0001673143811857,,,,,,cnn_attention,bayesian,val_auc,32,50,0.0001673143811857,adam,0.4,128,2,,31.0,se,16.0,all,7.0,,,,,,,,,,
48,0.8245470523834229,COMPLETED,4.0,48.0,3.0,0.3,1.0,0.0,0.0,adam,0.001,,,,,,cnn_attention,bayesian,val_auc,32,50,0.001,adam,0.3,0,4,,32.0,none,4.0,all,3.0,,,,,,,,,,
2,0.8226248025894165,COMPLETED,2.0,24.0,5.0,0.2,1.0,192.0,0.0008144781454478,adam,0.0003443420019339,,,,,,cnn_attention,bayesian,val_auc,32,50,0.0003443420019339,adam,0.2,192,2,,33.0,none,12.0,last_two,3.0,,,,,,,,,,
28,0.818317174911499,COMPLETED,2.0,24.0,3.0,0.4,1.0,192.0,0.0002535886975963,rmsprop,0.0003903327801748,,,,,,cnn_attention,bayesian,val_auc,32,50,0.0003903327801748,rmsprop,0.4,192,2,,34.0,cbam,12.0,last_two,7.0,,,,,,,,,,
14,0.8069444894790649,COMPLETED,5.0,40.0,5.0,0.4,1.0,192.0,0.0003418531586584,adam,0.0007059212515768,,,,,,cnn_attention,bayesian,val_auc,32,50,0.0007059212515768,adam,0.4,192,5,,35.0,se,12.0,all,3.0,,,,,,,,,,
31,0.7999094128608704,COMPLETED,2.0,16.0,3.0,0.1,1.0,64.0,0.0009062123437193,rmsprop,0.000776337860259,,,,,,cnn_attention,bayesian,val_auc,32,50,0.000776337860259,rmsprop,0.1,64,2,,36.0,cbam,16.0,all,3.0,,,,,,,,,,
24,0.7287439107894897,COMPLETED,5.0,16.0,5.0,0.4,0.0,192.0,0.0007840458601899,rmsprop,0.0001620335701034,,,,,,cnn_attention,bayesian,val_auc,32,50,0.0001620335701034,rmsprop,0.4,192,5,,37.0,se,4.0,last_two,3.0,,,,,,,,,,
11,0.7224134802818298,COMPLETED,3.0,16.0,5.0,0.1,0.0,256.0,0.0005955187335288,rmsprop,0.000585888969256,,,,,,cnn_attention,bayesian,val_auc,32,50,0.000585888969256,rmsprop,0.1,256,3,,38.0,none,8.0,all,7.0,,,,,,,,,,
26,0.7056360840797424,COMPLETED,4.0,64.0,5.0,0.2,0.0,192.0,0.0005673817886832,adam,0.0006537483604752,,,,,,cnn_attention,bayesian,val_auc,32,50,0.0006537483604752,adam,0.2,192,4,,39.0,none,8.0,all,7.0,,,,,,,,,,
36,0.6794081926345825,COMPLETED,3.0,24.0,5.0,0.4,0.0,192.0,0.0009823770747601,adam,0.0001689767413644,,,,,,cnn_attention,bayesian,val_auc,32,50,0.0001689767413644,adam,0.4,192,3,,40.0,none,4.0,all,3.0,,,,,,,,,,
18,0.675412654876709,COMPLETED,3.0,16.0,5.0,0.3,1.0,128.0,0.0004918100094233,rmsprop,0.0009414392491554,,,,,,cnn_attention,bayesian,val_auc,32,50,0.0009414392491554,rmsprop,0.3,128,3,,41.0,cbam,16.0,last_two,3.0,,,,,,,,,,
5,0.5756944417953491,COMPLETED,5.0,40.0,3.0,0.1,0.0,256.0,0.0002401030300662,rmsprop,0.0009336815726563,,,,,,cnn_attention,bayesian,val_auc,32,50,0.0009336815726563,rmsprop,0.1,256,5,,42.0,se,4.0,all,7.0,,,,,,,,,,
16,0.5752113461494446,COMPLETED,3.0,16.0,3.0,0.1,0.0,0.0,0.0002106710379682,adam,0.0003818766093264,,,,,,cnn_attention,bayesian,val_auc,32,50,0.0003818766093264,adam,0.1,0,3,,43.0,cbam,8.0,last_two,7.0,,,,,,,,,,
7,0.5576187968254089,COMPLETED,2.0,24.0,3.0,0.3,0.0,128.0,0.0009063711552614,adam,0.0008834281502792,,,,,,cnn_attention,bayesian,val_auc,32,50,0.0008834281502792,adam,0.3,128,2,,44.0,cbam,8.0,last_two,7.0,,,,,,,,,,
13,0.5571960806846619,COMPLETED,2.0,64.0,5.0,0.1,0.0,192.0,0.0002454680832128,rmsprop,0.0003988919505634,,,,,,cnn_attention,bayesian,val_auc,32,50,0.0003988919505634,rmsprop,0.1,192,2,,45.0,cbam,8.0,all,7.0,,,,,,,,,,
21,0.5571960806846619,COMPLETED,2.0,40.0,3.0,0.4,0.0,128.0,0.0005507538158685,adam,0.0008767061878217,,,,,,cnn_attention,bayesian,val_auc,32,50,0.0008767061878217,adam,0.4,128,2,,45.0,cbam,4.0,all,7.0,,,,,,,,,,
34,0.553260862827301,COMPLETED,2.0,64.0,5.0,0.2,0.0,256.0,0.0006269203841433,rmsprop,0.0007569975425744,,,,,,cnn_attention,bayesian,val_auc,32,50,0.0007569975425744,rmsprop,0.2,256,2,,47.0,cbam,4.0,all,7.0,,,,,,,,,,
32,0.5,COMPLETED,4.0,24.0,3.0,0.0,0.0,64.0,0.0009956946984302,adam,0.0001371454011887,,,,,,cnn_attention,bayesian,val_auc,32,50,0.0001371454011887,adam,0.0,64,4,,48.0,se,16.0,all,7.0,,,,,,,,,,
6,0.5,COMPLETED,5.0,64.0,5.0,0.0,0.0,128.0,0.0005197779418935,adam,0.0004711859445288,,,,,,cnn_attention,bayesian,val_auc,32,50,0.0004711859445288,adam,0.0,128,5,,48.0,cbam,4.0,last_two,3.0,,,,,,,,,,
33,0.5,COMPLETED,5.0,40.0,5.0,0.4,0.0,64.0,0.0006779871336456,rmsprop,0.0005767355934465,,,,,,cnn_attention,bayesian,val_auc,32,50,0.0005767355934465,rmsprop,0.4,64,5,,48.0,none,16.0,all,3.0,,,,,,,,,,
62,0.9819847345352172,COMPLETED,3.0,16.0,3.0,0.1,0.0,,,rmsprop,0.0005691242684145,4.0,0.0,2.0,0.0,,cnn_focus_hybrid,hyperband,val_auc,32,30,0.0005691242684145,rmsprop,0.1,480,3,custom_cnn,1.0,,,,,,,,0.0008020075007341,custom_cnn,96.0,1.0,480.0,0.3,20.0
35,0.9786733984947203,COMPLETED,3.0,48.0,3.0,0.1,0.0,,,rmsprop,0.0008690586933464,4.0,2.0,3.0,1.0,13.0,cnn_focus_hybrid,hyperband,val_auc,32,30,0.0008690586933464,rmsprop,0.1,224,3,custom_cnn,2.0,,,,,,,,0.000622525926642,custom_cnn,96.0,2.0,224.0,0.4,10.0
46,0.9784117937088012,COMPLETED,3.0,48.0,3.0,0.1,0.0,,,rmsprop,0.0008690586933464,10.0,4.0,3.0,2.0,35.0,cnn_focus_hybrid,hyperband,val_auc,32,30,0.0008690586933464,rmsprop,0.1,224,3,custom_cnn,3.0,,,,,,,,0.000622525926642,custom_cnn,96.0,2.0,224.0,0.4,10.0
67,0.9772041440010072,COMPLETED,3.0,16.0,3.0,0.1,0.0,,,rmsprop,0.0005691242684145,10.0,4.0,2.0,1.0,62.0,cnn_focus_hybrid,hyperband,val_auc,32,30,0.0005691242684145,rmsprop,0.1,480,3,custom_cnn,4.0,,,,,,,,0.0008020075007341,custom_cnn,96.0,1.0,480.0,0.3,20.0
27,0.9749496579170228,COMPLETED,3.0,48.0,3.0,0.4,0.0,,,adam,0.0002473005999025,2.0,0.0,3.0,0.0,,cnn_focus_hybrid,hyperband,val_auc,32,30,0.0002473005999025,adam,0.4,192,3,custom_cnn,5.0,,,,,,,,0.0001991318887165,custom_cnn,96.0,2.0,192.0,0.2,10.0
13,0.9724537134170532,COMPLETED,3.0,48.0,3.0,0.1,0.0,,,rmsprop,0.0008690586933464,2.0,0.0,3.0,0.0,,cnn_focus_hybrid,hyperband,val_auc,32,30,0.0008690586933464,rmsprop,0.1,224,3,custom_cnn,6.0,,,,,,,,0.000622525926642,custom_cnn,96.0,2.0,224.0,0.4,10.0
50,0.9708936810493468,COMPLETED,3.0,48.0,3.0,0.1,0.0,,,rmsprop,0.0008690586933464,30.0,10.0,3.0,3.0,46.0,cnn_focus_hybrid,hyperband,val_auc,32,30,0.0008690586933464,rmsprop,0.1,224,3,custom_cnn,7.0,,,,,,,,0.000622525926642,custom_cnn,96.0,2.0,224.0,0.4,10.0
39,0.9668176174163818,COMPLETED,3.0,56.0,3.0,0.4,1.0,,,adam,0.0008388484885975,4.0,2.0,3.0,1.0,26.0,cnn_focus_hybrid,hyperband,val_auc,32,30,0.0008388484885975,adam,0.4,448,3,mobilenetv2,8.0,,,,,,,,0.0006242940104198,mobilenetv2,96.0,3.0,448.0,0.0,5.0
79,0.966253936290741,COMPLETED,5.0,32.0,3.0,0.0,0.0,,,adam,0.000544680262335,10.0,0.0,1.0,0.0,,cnn_focus_hybrid,hyperband,val_auc,32,30,0.000544680262335,adam,0.0,64,5,mobilenetv2,9.0,,,,,,,,9.106353056511383e-05,mobilenetv2,128.0,3.0,64.0,0.2,0.0
28,0.9652978777885436,COMPLETED,3.0,56.0,3.0,0.2,0.0,,,adam,0.0002600018004226,2.0,0.0,3.0,0.0,,cnn_focus_hybrid,hyperband,val_auc,32,30,0.0002600018004226,adam,0.2,288,3,mobilenetv2,10.0,,,,,,,,0.0004110196283451,mobilenetv2,128.0,2.0,288.0,0.1,10.0
73,0.9651166796684264,COMPLETED,2.0,56.0,5.0,0.4,0.0,,,adam,0.0001393085699274,30.0,10.0,2.0,2.0,68.0,cnn_focus_hybrid,hyperband,val_auc,32,30,0.0001393085699274,adam,0.4,480,2,mobilenetv2,11.0,,,,,,,,0.0005951332100894,mobilenetv2,0.0,2.0,480.0,0.3,5.0
83,0.9650061130523682,COMPLETED,3.0,56.0,5.0,0.3,1.0,,,adam,0.0007843863599771,30.0,10.0,1.0,1.0,75.0,cnn_focus_hybrid,hyperband,val_auc,32,30,0.0007843863599771,adam,0.3,128,3,mobilenetv2,12.0,,,,,,,,0.0008737412431932,mobilenetv2,96.0,1.0,128.0,0.2,5.0
68,0.9643720388412476,COMPLETED,2.0,56.0,5.0,0.4,0.0,,,adam,0.0001393085699274,10.0,4.0,2.0,1.0,61.0,cnn_focus_hybrid,hyperband,val_auc,32,30,0.0001393085699274,adam,0.4,480,2,mobilenetv2,13.0,,,,,,,,0.0005951332100894,mobilenetv2,0.0,2.0,480.0,0.3,5.0
51,0.9641404747962952,COMPLETED,3.0,48.0,5.0,0.0,1.0,,,adam,0.0005444493853974,30.0,10.0,3.0,3.0,48.0,cnn_focus_hybrid,hyperband,val_auc,32,30,0.0005444493853974,adam,0.0,320,3,mobilenetv2,14.0,,,,,,,,1.5101727801708488e-06,mobilenetv2,0.0,3.0,320.0,0.2,5.0
75,0.9639291763305664,COMPLETED,3.0,56.0,5.0,0.3,1.0,,,adam,0.0007843863599771,10.0,0.0,1.0,0.0,,cnn_focus_hybrid,hyperband,val_auc,32,30,0.0007843863599771,adam,0.3,128,3,mobilenetv2,15.0,,,,,,,,0.0008737412431932,mobilenetv2,96.0,1.0,128.0,0.2,5.0
61,0.9637278318405152,COMPLETED,2.0,56.0,5.0,0.4,0.0,,,adam,0.0001393085699274,4.0,0.0,2.0,0.0,,cnn_focus_hybrid,hyperband,val_auc,32,30,0.0001393085699274,adam,0.4,480,2,mobilenetv2,16.0,,,,,,,,0.0005951332100894,mobilenetv2,0.0,2.0,480.0,0.3,5.0
6,0.9635767936706544,COMPLETED,3.0,48.0,5.0,0.0,1.0,,,adam,0.0005444493853974,2.0,0.0,3.0,0.0,,cnn_focus_hybrid,hyperband,val_auc,32,30,0.0005444493853974,adam,0.0,320,3,mobilenetv2,17.0,,,,,,,,1.5101727801708488e-06,mobilenetv2,0.0,3.0,320.0,0.2,5.0
37,0.9633554816246032,COMPLETED,3.0,48.0,5.0,0.0,1.0,,,adam,0.0005444493853974,4.0,2.0,3.0,1.0,6.0,cnn_focus_hybrid,hyperband,val_auc,32,30,0.0005444493853974,adam,0.0,320,3,mobilenetv2,18.0,,,,,,,,1.5101727801708488e-06,mobilenetv2,0.0,3.0,320.0,0.2,5.0
0,0.9629931449890136,COMPLETED,3.0,24.0,5.0,0.3,0.0,,,rmsprop,0.0001601955787084,2.0,0.0,3.0,0.0,,cnn_focus_hybrid,hyperband,val_auc,32,30,0.0001601955787084,rmsprop,0.3,160,3,mobilenetv2,19.0,,,,,,,,9.033985426934954e-05,mobilenetv2,0.0,2.0,160.0,0.4,5.0
48,0.9629428386688232,COMPLETED,3.0,48.0,5.0,0.0,1.0,,,adam,0.0005444493853974,10.0,4.0,3.0,2.0,37.0,cnn_focus_hybrid,hyperband,val_auc,32,30,0.0005444493853974,adam,0.0,320,3,mobilenetv2,20.0,,,,,,,,1.5101727801708488e-06,mobilenetv2,0.0,3.0,320.0,0.2,5.0
77,0.9626811146736144,COMPLETED,2.0,40.0,3.0,0.1,0.0,,,adam,0.0003064006805513,10.0,0.0,1.0,0.0,,cnn_focus_hybrid,hyperband,val_auc,32,30,0.0003064006805513,adam,0.1,96,2,mobilenetv2,21.0,,,,,,,,0.0005495058119067,mobilenetv2,128.0,1.0,96.0,0.1,10.0
36,0.9625805020332336,COMPLETED,3.0,56.0,3.0,0.2,0.0,,,adam,0.0002600018004226,4.0,2.0,3.0,1.0,28.0,cnn_focus_hybrid,hyperband,val_auc,32,30,0.0002600018004226,adam,0.2,288,3,mobilenetv2,22.0,,,,,,,,0.0004110196283451,mobilenetv2,128.0,2.0,288.0,0.1,10.0
82,0.9620772004127502,COMPLETED,5.0,32.0,3.0,0.0,0.0,,,adam,0.000544680262335,30.0,10.0,1.0,1.0,79.0,cnn_focus_hybrid,hyperband,val_auc,32,30,0.000544680262335,adam,0.0,64,5,mobilenetv2,23.0,,,,,,,,9.106353056511383e-05,mobilenetv2,128.0,3.0,64.0,0.2,0.0
26,0.961151361465454,COMPLETED,3.0,56.0,3.0,0.4,1.0,,,adam,0.0008388484885975,2.0,0.0,3.0,0.0,,cnn_focus_hybrid,hyperband,val_auc,32,30,0.0008388484885975,adam,0.4,448,3,mobilenetv2,24.0,,,,,,,,0.0006242940104198,mobilenetv2,96.0,3.0,448.0,0.0,5.0
30,0.961020529270172,COMPLETED,2.0,64.0,5.0,0.1,1.0,,,rmsprop,0.0003389806510059,2.0,0.0,3.0,0.0,,cnn_focus_hybrid,hyperband,val_auc,32,30,0.0003389806510059,rmsprop,0.1,128,2,mobilenetv2,25.0,,,,,,,,0.0009742351471304,mobilenetv2,32.0,1.0,128.0,0.4,5.0
84,0.9605777263641356,COMPLETED,2.0,40.0,3.0,0.1,0.0,,,adam,0.0003064006805513,30.0,10.0,1.0,1.0,77.0,cnn_focus_hybrid,hyperband,val_auc,32,30,0.0003064006805513,adam,0.1,96,2,mobilenetv2,26.0,,,,,,,,0.0005495058119067,mobilenetv2,128.0,1.0,96.0,0.1,10.0
47,0.960175096988678,COMPLETED,3.0,56.0,3.0,0.4,1.0,,,adam,0.0008388484885975,10.0,4.0,3.0,2.0,39.0,cnn_focus_hybrid,hyperband,val_auc,32,30,0.0008388484885975,adam,0.4,448,3,mobilenetv2,27.0,,,,,,,,0.0006242940104198,mobilenetv2,96.0,3.0,448.0,0.0,5.0
38,0.9600442051887512,COMPLETED,3.0,24.0,5.0,0.3,0.0,,,rmsprop,0.0001601955787084,4.0,2.0,3.0,1.0,0.0,cnn_focus_hybrid,hyperband,val_auc,32,30,0.0001601955787084,rmsprop,0.3,160,3,mobilenetv2,28.0,,,,,,,,9.033985426934954e-05,mobilenetv2,0.0,2.0,160.0,0.4,5.0
49,0.9597423672676086,COMPLETED,3.0,56.0,3.0,0.2,0.0,,,adam,0.0002600018004226,10.0,4.0,3.0,2.0,36.0,cnn_focus_hybrid,hyperband,val_auc,32,30,0.0002600018004226,adam,0.2,288,3,mobilenetv2,29.0,,,,,,,,0.0004110196283451,mobilenetv2,128.0,2.0,288.0,0.1,10.0
81,0.9592592120170592,COMPLETED,3.0,48.0,3.0,0.2,0.0,,,rmsprop,0.0006104116257417,10.0,0.0,1.0,0.0,,cnn_focus_hybrid,hyperband,val_auc,32,30,0.0006104116257417,rmsprop,0.2,128,3,mobilenetv2,30.0,,,,,,,,0.000618517188683,mobilenetv2,32.0,1.0,128.0,0.0,0.0
76,0.9583131074905396,COMPLETED,5.0,16.0,3.0,0.4,1.0,,,rmsprop,0.0006587335886358,10.0,0.0,1.0,0.0,,cnn_focus_hybrid,hyperband,val_auc,32,30,0.0006587335886358,rmsprop,0.4,32,5,mobilenetv2,31.0,,,,,,,,1.146024587832628e-05,mobilenetv2,32.0,1.0,32.0,0.0,5.0
87,0.9580013155937196,COMPLETED,4.0,24.0,5.0,0.0,0.0,,,rmsprop,0.0005529859307047,30.0,0.0,0.0,0.0,,cnn_focus_hybrid,hyperband,val_auc,32,30,0.0005529859307047,rmsprop,0.0,192,4,mobilenetv2,32.0,,,,,,,,0.0006694897437226,mobilenetv2,64.0,1.0,192.0,0.2,0.0
11,0.9573973417282104,COMPLETED,3.0,40.0,3.0,0.2,1.0,,,rmsprop,0.0001816823641815,2.0,0.0,3.0,0.0,,cnn_focus_hybrid,hyperband,val_auc,32,30,0.0001816823641815,rmsprop,0.2,192,3,mobilenetv2,33.0,,,,,,,,0.0005570381481736,mobilenetv2,64.0,1.0,192.0,0.0,0.0
43,0.9571457505226136,COMPLETED,3.0,40.0,5.0,0.1,1.0,,,rmsprop,0.000131705059415,4.0,2.0,3.0,1.0,25.0,cnn_focus_hybrid,hyperband,val_auc,32,30,0.000131705059415,rmsprop,0.1,192,3,mobilenetv2,34.0,,,,,,,,4.352997380924218e-05,mobilenetv2,32.0,3.0,192.0,0.0,0.0
44,0.9566827416419984,COMPLETED,2.0,56.0,3.0,0.2,0.0,,,rmsprop,0.000535089665935,4.0,2.0,3.0,1.0,10.0,cnn_focus_hybrid,hyperband,val_auc,32,30,0.000535089665935,rmsprop,0.2,480,2,mobilenetv2,35.0,,,,,,,,0.0005955187335288,mobilenetv2,0.0,1.0,480.0,0.1,5.0
5,0.9565821886062622,COMPLETED,4.0,16.0,5.0,0.0,0.0,,,rmsprop,0.0009336815726563,2.0,0.0,3.0,0.0,,cnn_focus_hybrid,hyperband,val_auc,32,30,0.0009336815726563,rmsprop,0.0,480,4,mobilenetv2,36.0,,,,,,,,0.0009000582191556,mobilenetv2,0.0,1.0,480.0,0.4,5.0
41,0.9551730751991272,COMPLETED,3.0,40.0,3.0,0.2,1.0,,,rmsprop,0.0001816823641815,4.0,2.0,3.0,1.0,11.0,cnn_focus_hybrid,hyperband,val_auc,32,30,0.0001816823641815,rmsprop,0.2,192,3,mobilenetv2,37.0,,,,,,,,0.0005570381481736,mobilenetv2,64.0,1.0,192.0,0.0,0.0
25,0.9550825357437134,COMPLETED,3.0,40.0,5.0,0.1,1.0,,,rmsprop,0.000131705059415,2.0,0.0,3.0,0.0,,cnn_focus_hybrid,hyperband,val_auc,32,30,0.000131705059415,rmsprop,0.1,192,3,mobilenetv2,38.0,,,,,,,,4.352997380924218e-05,mobilenetv2,32.0,3.0,192.0,0.0,0.0
42,0.9542371034622192,COMPLETED,4.0,16.0,5.0,0.0,0.0,,,rmsprop,0.0009336815726563,4.0,2.0,3.0,1.0,5.0,cnn_focus_hybrid,hyperband,val_auc,32,30,0.0009336815726563,rmsprop,0.0,480,4,mobilenetv2,39.0,,,,,,,,0.0009000582191556,mobilenetv2,0.0,1.0,480.0,0.4,5.0
10,0.9525159597396852,COMPLETED,2.0,56.0,3.0,0.2,0.0,,,rmsprop,0.000535089665935,2.0,0.0,3.0,0.0,,cnn_focus_hybrid,hyperband,val_auc,32,30,0.000535089665935,rmsprop,0.2,480,2,mobilenetv2,40.0,,,,,,,,0.0005955187335288,mobilenetv2,0.0,1.0,480.0,0.1,5.0
59,0.9521034955978394,COMPLETED,2.0,64.0,3.0,0.4,0.0,,,adam,0.0001407180945552,4.0,0.0,2.0,0.0,,cnn_focus_hybrid,hyperband,val_auc,32,30,0.0001407180945552,adam,0.4,288,2,custom_cnn,41.0,,,,,,,,5.397868389732175e-05,custom_cnn,96.0,2.0,288.0,0.1,5.0
80,0.9508956670761108,COMPLETED,2.0,40.0,5.0,0.1,0.0,,,adam,0.0004274948229697,10.0,0.0,1.0,0.0,,cnn_focus_hybrid,hyperband,val_auc,32,30,0.0004274948229697,adam,0.1,480,2,custom_cnn,42.0,,,,,,,,0.0002704753327566,custom_cnn,128.0,2.0,480.0,0.0,0.0
34,0.9508655667304992,COMPLETED,3.0,48.0,3.0,0.4,0.0,,,adam,0.0002473005999025,4.0,2.0,3.0,1.0,27.0,cnn_focus_hybrid,hyperband,val_auc,32,30,0.0002473005999025,adam,0.4,192,3,custom_cnn,43.0,,,,,,,,0.0001991318887165,custom_cnn,96.0,2.0,192.0,0.2,10.0
18,0.9505032300949096,COMPLETED,5.0,16.0,3.0,0.0,1.0,,,rmsprop,0.0004588615928846,2.0,0.0,3.0,0.0,,cnn_focus_hybrid,hyperband,val_auc,32,30,0.0004588615928846,rmsprop,0.0,288,5,custom_cnn,44.0,,,,,,,,0.0006377320774698,custom_cnn,128.0,1.0,288.0,0.1,5.0
12,0.9489834904670716,COMPLETED,3.0,48.0,5.0,0.1,0.0,,,rmsprop,0.000964292873129,2.0,0.0,3.0,0.0,,cnn_focus_hybrid,hyperband,val_auc,32,30,0.000964292873129,rmsprop,0.1,96,3,mobilenetv2,45.0,,,,,,,,0.0003321021672927,mobilenetv2,64.0,2.0,96.0,0.2,0.0
40,0.9470812678337096,COMPLETED,2.0,64.0,5.0,0.1,1.0,,,rmsprop,0.0003389806510059,4.0,2.0,3.0,1.0,30.0,cnn_focus_hybrid,hyperband,val_auc,32,30,0.0003389806510059,rmsprop,0.1,128,2,mobilenetv2,46.0,,,,,,,,0.0009742351471304,mobilenetv2,32.0,1.0,128.0,0.4,5.0
63,0.9459541440010072,COMPLETED,4.0,32.0,5.0,0.1,1.0,,,adam,0.0009233650750509,4.0,0.0,2.0,0.0,,cnn_focus_hybrid,hyperband,val_auc,32,30,0.0009233650750509,adam,0.1,128,4,custom_cnn,47.0,,,,,,,,0.0002975707412555,custom_cnn,64.0,2.0,128.0,0.0,15.0
8,0.9454307556152344,COMPLETED,2.0,40.0,3.0,0.0,1.0,,,adam,0.0005663890628795,2.0,0.0,3.0,0.0,,cnn_focus_hybrid,hyperband,val_auc,32,30,0.0005663890628795,adam,0.0,320,2,custom_cnn,48.0,,,,,,,,0.000228828905677,custom_cnn,64.0,2.0,320.0,0.3,5.0
54,0.9393216967582704,COMPLETED,4.0,24.0,5.0,0.0,0.0,,,adam,0.000524659481816,4.0,0.0,2.0,0.0,,cnn_focus_hybrid,hyperband,val_auc,32,30,0.000524659481816,adam,0.0,480,4,custom_cnn,49.0,,,,,,,,1.5524786749811724e-05,custom_cnn,0.0,3.0,480.0,0.4,10.0
72,0.930988311767578,COMPLETED,3.0,16.0,3.0,0.1,0.0,,,rmsprop,0.0005691242684145,30.0,10.0,2.0,2.0,67.0,cnn_focus_hybrid,hyperband,val_auc,32,30,0.0005691242684145,rmsprop,0.1,480,3,custom_cnn,50.0,,,,,,,,0.0008020075007341,custom_cnn,96.0,1.0,480.0,0.3,20.0
69,0.927043080329895,COMPLETED,2.0,64.0,3.0,0.4,0.0,,,adam,0.0001407180945552,10.0,4.0,2.0,1.0,59.0,cnn_focus_hybrid,hyperband,val_auc,32,30,0.0001407180945552,adam,0.4,288,2,custom_cnn,51.0,,,,,,,,5.397868389732175e-05,custom_cnn,96.0,2.0,288.0,0.1,5.0
33,0.9232286214828492,COMPLETED,2.0,16.0,3.0,0.0,0.0,,,rmsprop,0.000197618839205,2.0,0.0,3.0,0.0,,cnn_focus_hybrid,hyperband,val_auc,32,30,0.000197618839205,rmsprop,0.0,256,2,mobilenetv2,52.0,,,,,,,,0.0008121422561401,mobilenetv2,0.0,3.0,256.0,0.2,15.0
29,0.9170591831207277,COMPLETED,4.0,56.0,3.0,0.4,1.0,,,adam,0.0009155911093474,2.0,0.0,3.0,0.0,,cnn_focus_hybrid,hyperband,val_auc,32,30,0.0009155911093474,adam,0.4,32,4,custom_cnn,53.0,,,,,,,,0.0007201982610891,custom_cnn,0.0,1.0,32.0,0.1,5.0
52,0.906652569770813,COMPLETED,5.0,64.0,5.0,0.3,0.0,,,adam,0.0008440543799924,4.0,0.0,2.0,0.0,,cnn_focus_hybrid,hyperband,val_auc,32,30,0.0008440543799924,adam,0.3,64,5,efficientnetb0,54.0,,,,,,,,0.0009021162072535,efficientnetb0,96.0,3.0,64.0,0.0,20.0
21,0.9028884768486024,COMPLETED,3.0,56.0,5.0,0.1,0.0,,,adam,0.0002687944207299,2.0,0.0,3.0,0.0,,cnn_focus_hybrid,hyperband,val_auc,32,30,0.0002687944207299,adam,0.1,96,3,custom_cnn,55.0,,,,,,,,0.0004098096825351,custom_cnn,32.0,1.0,96.0,0.1,10.0
53,0.9005334377288818,COMPLETED,4.0,32.0,3.0,0.4,0.0,,,adam,0.0003669109789461,4.0,0.0,2.0,0.0,,cnn_focus_hybrid,hyperband,val_auc,32,30,0.0003669109789461,adam,0.4,96,4,custom_cnn,56.0,,,,,,,,0.0002149021746828,custom_cnn,32.0,2.0,96.0,0.3,15.0
17,0.891414999961853,COMPLETED,5.0,56.0,5.0,0.3,0.0,,,adam,0.0006003939131087,2.0,0.0,3.0,0.0,,cnn_focus_hybrid,hyperband,val_auc,32,30,0.0006003939131087,adam,0.3,384,5,custom_cnn,57.0,,,,,,,,0.0004775790756169,custom_cnn,0.0,3.0,384.0,0.0,10.0
45,0.8902475833892822,COMPLETED,5.0,16.0,3.0,0.0,1.0,,,rmsprop,0.0004588615928846,4.0,2.0,3.0,1.0,18.0,cnn_focus_hybrid,hyperband,val_auc,32,30,0.0004588615928846,rmsprop,0.0,288,5,custom_cnn,58.0,,,,,,,,0.0006377320774698,custom_cnn,128.0,1.0,288.0,0.1,5.0
70,0.8846115469932556,COMPLETED,4.0,32.0,5.0,0.1,1.0,,,adam,0.0009233650750509,10.0,4.0,2.0,1.0,63.0,cnn_focus_hybrid,hyperband,val_auc,32,30,0.0009233650750509,adam,0.1,128,4,custom_cnn,59.0,,,,,,,,0.0002975707412555,custom_cnn,64.0,2.0,128.0,0.0,15.0
9,0.8834642171859741,COMPLETED,2.0,64.0,5.0,0.4,1.0,,,rmsprop,0.0004995634549198,2.0,0.0,3.0,0.0,,cnn_focus_hybrid,hyperband,val_auc,32,30,0.0004995634549198,rmsprop,0.4,416,2,efficientnetb0,60.0,,,,,,,,0.0005809419058172,efficientnetb0,32.0,3.0,416.0,0.1,5.0
14,0.879448413848877,COMPLETED,5.0,40.0,5.0,0.1,1.0,,,rmsprop,0.0002132379782094,2.0,0.0,3.0,0.0,,cnn_focus_hybrid,hyperband,val_auc,32,30,0.0002132379782094,rmsprop,0.1,384,5,efficientnetb0,61.0,,,,,,,,0.0004447857265185,efficientnetb0,0.0,3.0,384.0,0.1,20.0
88,0.8792672753334045,COMPLETED,2.0,64.0,3.0,0.2,1.0,,,adam,0.0006748235742473,30.0,0.0,0.0,0.0,,cnn_focus_hybrid,hyperband,val_auc,32,30,0.0006748235742473,adam,0.2,192,2,efficientnetb0,62.0,,,,,,,,0.0006479344064166,efficientnetb0,64.0,3.0,192.0,0.0,10.0
2,0.8732186555862427,COMPLETED,5.0,24.0,3.0,0.2,1.0,,,adam,0.000819203832205,2.0,0.0,3.0,0.0,,cnn_focus_hybrid,hyperband,val_auc,32,30,0.000819203832205,adam,0.2,160,5,efficientnetb0,63.0,,,,,,,,0.0004961561698004,efficientnetb0,32.0,1.0,160.0,0.4,10.0
7,0.8731984496116638,COMPLETED,3.0,16.0,5.0,0.3,0.0,,,adam,0.0006447158923617,2.0,0.0,3.0,0.0,,cnn_focus_hybrid,hyperband,val_auc,32,30,0.0006447158923617,adam,0.3,480,3,efficientnetb0,64.0,,,,,,,,0.0009933676756211,efficientnetb0,64.0,2.0,480.0,0.2,20.0
22,0.8712158203125,COMPLETED,5.0,16.0,5.0,0.4,0.0,,,rmsprop,0.0002656375068109,2.0,0.0,3.0,0.0,,cnn_focus_hybrid,hyperband,val_auc,32,30,0.0002656375068109,rmsprop,0.4,64,5,efficientnetb0,65.0,,,,,,,,0.0007804173690829,efficientnetb0,128.0,3.0,64.0,0.1,0.0
20,0.8673611283302307,COMPLETED,5.0,56.0,3.0,0.2,0.0,,,rmsprop,0.0008469442920998,2.0,0.0,3.0,0.0,,cnn_focus_hybrid,hyperband,val_auc,32,30,0.0008469442920998,rmsprop,0.2,288,5,efficientnetb0,66.0,,,,,,,,0.000144550047822,efficientnetb0,96.0,2.0,288.0,0.0,20.0
86,0.865891695022583,COMPLETED,4.0,48.0,3.0,0.2,0.0,,,adam,0.0008688604943564,30.0,0.0,0.0,0.0,,cnn_focus_hybrid,hyperband,val_auc,32,30,0.0008688604943564,adam,0.2,512,4,efficientnetb0,67.0,,,,,,,,0.0008236000090728,efficientnetb0,32.0,1.0,512.0,0.2,10.0
64,0.863456130027771,COMPLETED,4.0,32.0,3.0,0.0,0.0,,,rmsprop,0.0005336260945872,4.0,0.0,2.0,0.0,,cnn_focus_hybrid,hyperband,val_auc,32,30,0.0005336260945872,rmsprop,0.0,320,4,efficientnetb0,68.0,,,,,,,,0.0003670303616001,efficientnetb0,64.0,3.0,320.0,0.1,15.0
71,0.8627011775970459,COMPLETED,4.0,24.0,5.0,0.0,0.0,,,adam,0.000524659481816,10.0,4.0,2.0,1.0,54.0,cnn_focus_hybrid,hyperband,val_auc,32,30,0.000524659481816,adam,0.0,480,4,custom_cnn,69.0,,,,,,,,1.5524786749811724e-05,custom_cnn,0.0,3.0,480.0,0.4,10.0
60,0.8617955446243286,COMPLETED,4.0,48.0,3.0,0.1,0.0,,,adam,0.0005419507121965,4.0,0.0,2.0,0.0,,cnn_focus_hybrid,hyperband,val_auc,32,30,0.0005419507121965,adam,0.1,32,4,efficientnetb0,70.0,,,,,,,,0.000550618573485,efficientnetb0,96.0,2.0,32.0,0.0,5.0
89,0.8488426208496094,COMPLETED,4.0,48.0,3.0,0.3,0.0,,,rmsprop,0.0001379157916083,30.0,0.0,0.0,0.0,,cnn_focus_hybrid,hyperband,val_auc,32,30,0.0001379157916083,rmsprop,0.3,416,4,custom_cnn,71.0,,,,,,,,0.0002059623499511,custom_cnn,0.0,2.0,416.0,0.4,10.0
32,0.8441827297210693,COMPLETED,3.0,16.0,5.0,0.3,0.0,,,rmsprop,0.0003359866741162,2.0,0.0,3.0,0.0,,cnn_focus_hybrid,hyperband,val_auc,32,30,0.0003359866741162,rmsprop,0.3,480,3,efficientnetb0,72.0,,,,,,,,0.0001709651883822,efficientnetb0,64.0,3.0,480.0,0.3,15.0
85,0.8426328301429749,COMPLETED,5.0,16.0,5.0,0.2,0.0,,,adam,0.0004505876242638,30.0,0.0,0.0,0.0,,cnn_focus_hybrid,hyperband,val_auc,32,30,0.0004505876242638,adam,0.2,352,5,custom_cnn,73.0,,,,,,,,0.0004047089986828,custom_cnn,64.0,3.0,352.0,0.3,0.0
74,0.8374698162078857,COMPLETED,3.0,16.0,5.0,0.0,0.0,,,rmsprop,0.0004831877814099,10.0,0.0,1.0,0.0,,cnn_focus_hybrid,hyperband,val_auc,32,30,0.0004831877814099,rmsprop,0.0,384,3,efficientnetb0,74.0,,,,,,,,0.0002208396109351,efficientnetb0,96.0,1.0,384.0,0.3,10.0
55,0.8267914652824402,COMPLETED,2.0,48.0,3.0,0.0,0.0,,,rmsprop,0.00022802282413,4.0,0.0,2.0,0.0,,cnn_focus_hybrid,hyperband,val_auc,32,30,0.00022802282413,rmsprop,0.0,288,2,efficientnetb0,75.0,,,,,,,,0.0006961833516312,efficientnetb0,64.0,3.0,288.0,0.4,20.0
65,0.8173409700393677,COMPLETED,2.0,40.0,3.0,0.3,1.0,,,rmsprop,0.0001158809009589,4.0,0.0,2.0,0.0,,cnn_focus_hybrid,hyperband,val_auc,32,30,0.0001158809009589,rmsprop,0.3,32,2,custom_cnn,76.0,,,,,,,,0.0003900999399788,custom_cnn,96.0,3.0,32.0,0.4,15.0
19,0.8041263818740845,COMPLETED,2.0,40.0,5.0,0.0,1.0,,,adam,0.000468967888671,2.0,0.0,3.0,0.0,,cnn_focus_hybrid,hyperband,val_auc,32,30,0.000468967888671,adam,0.0,448,2,custom_cnn,77.0,,,,,,,,0.0002754594638268,custom_cnn,0.0,2.0,448.0,0.3,10.0
56,0.7895833253860474,COMPLETED,2.0,40.0,5.0,0.0,0.0,,,rmsprop,0.00074027805333,4.0,0.0,2.0,0.0,,cnn_focus_hybrid,hyperband,val_auc,32,30,0.00074027805333,rmsprop,0.0,224,2,custom_cnn,78.0,,,,,,,,0.00089217088154,custom_cnn,32.0,3.0,224.0,0.3,5.0
24,0.7160124778747559,COMPLETED,4.0,40.0,5.0,0.3,0.0,,,rmsprop,0.0009330201652533,2.0,0.0,3.0,0.0,,cnn_focus_hybrid,hyperband,val_auc,32,30,0.0009330201652533,rmsprop,0.3,256,4,custom_cnn,79.0,,,,,,,,0.0004928205919951,custom_cnn,0.0,3.0,256.0,0.0,10.0
3,0.6918880939483643,COMPLETED,3.0,64.0,5.0,0.3,1.0,,,adam,0.0001751684690382,2.0,0.0,3.0,0.0,,cnn_focus_hybrid,hyperband,val_auc,32,30,0.0001751684690382,adam,0.3,96,3,efficientnetb0,80.0,,,,,,,,0.0001945372479331,efficientnetb0,0.0,3.0,96.0,0.1,0.0
16,0.676227867603302,COMPLETED,2.0,56.0,3.0,0.4,0.0,,,rmsprop,0.0002728538513115,2.0,0.0,3.0,0.0,,cnn_focus_hybrid,hyperband,val_auc,32,30,0.0002728538513115,rmsprop,0.4,32,2,efficientnetb0,81.0,,,,,,,,0.0004104427647229,efficientnetb0,0.0,3.0,32.0,0.4,10.0
23,0.6723731756210327,COMPLETED,2.0,16.0,3.0,0.1,0.0,,,adam,0.000379617343387,2.0,0.0,3.0,0.0,,cnn_focus_hybrid,hyperband,val_auc,32,30,0.000379617343387,adam,0.1,32,2,efficientnetb0,82.0,,,,,,,,0.0002406551279332,efficientnetb0,96.0,1.0,32.0,0.4,15.0
4,0.6718095541000366,COMPLETED,4.0,24.0,3.0,0.1,0.0,,,rmsprop,0.0008902894141688,2.0,0.0,3.0,0.0,,cnn_focus_hybrid,hyperband,val_auc,32,30,0.0008902894141688,rmsprop,0.1,320,4,mobilenetv2,83.0,,,,,,,,0.0008271705653423,mobilenetv2,64.0,1.0,320.0,0.0,20.0
1,0.668458104133606,COMPLETED,3.0,32.0,3.0,0.0,0.0,,,rmsprop,0.0005006253026411,2.0,0.0,3.0,0.0,,cnn_focus_hybrid,hyperband,val_auc,32,30,0.0005006253026411,rmsprop,0.0,128,3,efficientnetb0,84.0,,,,,,,,0.000684240952412,efficientnetb0,0.0,2.0,128.0,0.1,10.0
57,0.6670894026756287,COMPLETED,3.0,16.0,5.0,0.3,0.0,,,adam,0.0009945754661449,4.0,0.0,2.0,0.0,,cnn_focus_hybrid,hyperband,val_auc,32,30,0.0009945754661449,adam,0.3,288,3,efficientnetb0,85.0,,,,,,,,0.0001926696873111,efficientnetb0,0.0,1.0,288.0,0.0,20.0
15,0.6649355888366699,COMPLETED,2.0,40.0,3.0,0.3,0.0,,,rmsprop,0.000135606678751,2.0,0.0,3.0,0.0,,cnn_focus_hybrid,hyperband,val_auc,32,30,0.000135606678751,rmsprop,0.3,32,2,efficientnetb0,86.0,,,,,,,,0.0008093155949729,efficientnetb0,64.0,2.0,32.0,0.2,5.0
66,0.6595510840415955,COMPLETED,4.0,40.0,5.0,0.0,1.0,,,rmsprop,0.0002380384032152,4.0,0.0,2.0,0.0,,cnn_focus_hybrid,hyperband,val_auc,32,30,0.0002380384032152,rmsprop,0.0,128,4,efficientnetb0,87.0,,,,,,,,0.0008769805247182,efficientnetb0,64.0,1.0,128.0,0.1,5.0
58,0.5848530530929565,COMPLETED,3.0,40.0,5.0,0.1,1.0,,,adam,0.0006669088714383,4.0,0.0,2.0,0.0,,cnn_focus_hybrid,hyperband,val_auc,32,30,0.0006669088714383,adam,0.1,96,3,mobilenetv2,88.0,,,,,,,,0.0002310790149689,mobilenetv2,0.0,1.0,96.0,0.3,15.0
31,0.5198068022727966,COMPLETED,4.0,16.0,3.0,0.4,1.0,,,rmsprop,0.0005767355934465,2.0,0.0,3.0,0.0,,cnn_focus_hybrid,hyperband,val_auc,32,30,0.0005767355934465,rmsprop,0.4,480,4,mobilenetv2,89.0,,,,,,,,0.0009389118770036,mobilenetv2,96.0,3.0,480.0,0.1,15.0
78,0.5,COMPLETED,4.0,56.0,3.0,0.2,0.0,,,rmsprop,0.0007078614867112,10.0,0.0,1.0,0.0,,cnn_focus_hybrid,hyperband,val_auc,32,30,0.0007078614867112,rmsprop,0.2,160,4,mobilenetv2,90.0,,,,,,,,0.000903889176214,mobilenetv2,64.0,3.0,160.0,0.2,10.0
44,0.8871276378631592,COMPLETED,,,,0.0,,,,rmsprop,0.0007158168571708,10.0,4.0,3.0,2.0,37.0,focus_dnn,hyperband,val_auc,32,30,0.0007158168571708,rmsprop,0.0,128,3,,1.0,,,,,3.0,128.0,relu,7.479375687311074e-05,,,,,,
37,0.8824174404144287,COMPLETED,,,,0.0,,,,rmsprop,0.0007158168571708,4.0,2.0,3.0,1.0,3.0,focus_dnn,hyperband,val_auc,32,30,0.0007158168571708,rmsprop,0.0,128,3,,2.0,,,,,3.0,128.0,relu,7.479375687311074e-05,,,,,,
34,0.8771135210990906,COMPLETED,,,,0.0,,,,rmsprop,0.000844453508808,4.0,2.0,3.0,1.0,9.0,focus_dnn,hyperband,val_auc,32,30,0.000844453508808,rmsprop,0.0,192,5,,3.0,,,,,5.0,192.0,relu,0.0002795830386058,,,,,,
9,0.8721819519996643,COMPLETED,,,,0.0,,,,rmsprop,0.000844453508808,2.0,0.0,3.0,0.0,,focus_dnn,hyperband,val_auc,32,30,0.000844453508808,rmsprop,0.0,192,5,,4.0,,,,,5.0,192.0,relu,0.0002795830386058,,,,,,
61,0.8705817461013794,COMPLETED,,,,0.0,,,,adam,0.0006739588697228,10.0,4.0,2.0,1.0,49.0,focus_dnn,hyperband,val_auc,32,30,0.0006739588697228,adam,0.0,256,2,,5.0,,,,,2.0,256.0,relu,0.0001825909731892,,,,,,
45,0.8678945302963257,COMPLETED,,,,0.0,,,,rmsprop,0.000844453508808,10.0,4.0,3.0,2.0,34.0,focus_dnn,hyperband,val_auc,32,30,0.000844453508808,rmsprop,0.0,192,5,,6.0,,,,,5.0,192.0,relu,0.0002795830386058,,,,,,
30,0.8664956092834473,COMPLETED,,,,0.0,,,,adam,0.000688292134364,2.0,0.0,3.0,0.0,,focus_dnn,hyperband,val_auc,32,30,0.000688292134364,adam,0.0,144,4,,7.0,,,,,4.0,144.0,relu,0.0004888504543181,,,,,,
39,0.8654085993766785,COMPLETED,,,,0.1,,,,adam,0.0005465405528203,4.0,2.0,3.0,1.0,5.0,focus_dnn,hyperband,val_auc,32,30,0.0005465405528203,adam,0.1,224,4,,8.0,,,,,4.0,224.0,relu,0.0005059404137702,,,,,,
22,0.8632549047470093,COMPLETED,,,,0.1,,,,adam,0.000787493417017,2.0,0.0,3.0,0.0,,focus_dnn,hyperband,val_auc,32,30,0.000787493417017,adam,0.1,144,4,,9.0,,,,,4.0,144.0,relu,4.5609302085393934e-05,,,,,,
3,0.8623591065406799,COMPLETED,,,,0.0,,,,rmsprop,0.0007158168571708,2.0,0.0,3.0,0.0,,focus_dnn,hyperband,val_auc,32,30,0.0007158168571708,rmsprop,0.0,128,3,,10.0,,,,,3.0,128.0,relu,7.479375687311074e-05,,,,,,
4,0.8591384887695312,COMPLETED,,,,0.1,,,,adam,0.0004335009769866,2.0,0.0,3.0,0.0,,focus_dnn,hyperband,val_auc,32,30,0.0004335009769866,adam,0.1,96,5,,11.0,,,,,5.0,96.0,relu,0.0008597284451918,,,,,,
35,0.857729434967041,COMPLETED,,,,0.0,,,,adam,0.000688292134364,4.0,2.0,3.0,1.0,30.0,focus_dnn,hyperband,val_auc,32,30,0.000688292134364,adam,0.0,144,4,,12.0,,,,,4.0,144.0,relu,0.0004888504543181,,,,,,
36,0.8562500476837158,COMPLETED,,,,0.1,,,,adam,0.000787493417017,4.0,2.0,3.0,1.0,22.0,focus_dnn,hyperband,val_auc,32,30,0.000787493417017,adam,0.1,144,4,,13.0,,,,,4.0,144.0,relu,4.5609302085393934e-05,,,,,,
5,0.8546497821807861,COMPLETED,,,,0.1,,,,adam,0.0005465405528203,2.0,0.0,3.0,0.0,,focus_dnn,hyperband,val_auc,32,30,0.0005465405528203,adam,0.1,224,4,,14.0,,,,,4.0,224.0,relu,0.0005059404137702,,,,,,
41,0.8537539839744568,COMPLETED,,,,0.2,,,,rmsprop,0.00091005239724,4.0,2.0,3.0,1.0,11.0,focus_dnn,hyperband,val_auc,32,30,0.00091005239724,rmsprop,0.2,144,5,,15.0,,,,,5.0,144.0,relu,5.236359885094432e-05,,,,,,
8,0.8526167869567871,COMPLETED,,,,0.2,,,,rmsprop,0.0009639648371754,2.0,0.0,3.0,0.0,,focus_dnn,hyperband,val_auc,32,30,0.0009639648371754,rmsprop,0.2,112,2,,16.0,,,,,2.0,112.0,relu,0.000148171206387,,,,,,
11,0.8482286930084229,COMPLETED,,,,0.2,,,,rmsprop,0.00091005239724,2.0,0.0,3.0,0.0,,focus_dnn,hyperband,val_auc,32,30,0.00091005239724,rmsprop,0.2,144,5,,17.0,,,,,5.0,144.0,relu,5.236359885094432e-05,,,,,,
38,0.8473531007766724,COMPLETED,,,,0.1,,,,adam,0.0004335009769866,4.0,2.0,3.0,1.0,4.0,focus_dnn,hyperband,val_auc,32,30,0.0004335009769866,adam,0.1,96,5,,18.0,,,,,5.0,96.0,relu,0.0008597284451918,,,,,,
40,0.8473027944564819,COMPLETED,,,,0.2,,,,rmsprop,0.0009639648371754,4.0,2.0,3.0,1.0,8.0,focus_dnn,hyperband,val_auc,32,30,0.0009639648371754,rmsprop,0.2,112,2,,19.0,,,,,2.0,112.0,relu,0.000148171206387,,,,,,
49,0.8457326889038086,COMPLETED,,,,0.0,,,,adam,0.0006739588697228,4.0,0.0,2.0,0.0,,focus_dnn,hyperband,val_auc,32,30,0.0006739588697228,adam,0.0,256,2,,20.0,,,,,2.0,256.0,relu,0.0001825909731892,,,,,,
43,0.8439512848854065,COMPLETED,,,,0.0,,,,adam,0.0008728800914207,4.0,2.0,3.0,1.0,24.0,focus_dnn,hyperband,val_auc,32,30,0.0008728800914207,adam,0.0,160,2,,21.0,,,,,2.0,160.0,relu,0.0005172834599655,,,,,,
68,0.8432266712188721,COMPLETED,,,,0.4,,,,rmsprop,0.0005435385327956,10.0,0.0,1.0,0.0,,focus_dnn,hyperband,val_auc,32,30,0.0005435385327956,rmsprop,0.4,160,5,,22.0,,,,,5.0,160.0,relu,0.0006688799931511,,,,,,
66,0.8375604152679443,COMPLETED,,,,0.0,,,,adam,0.0006739588697228,30.0,10.0,2.0,2.0,61.0,focus_dnn,hyperband,val_auc,32,30,0.0006739588697228,adam,0.0,256,2,,23.0,,,,,2.0,256.0,relu,0.0001825909731892,,,,,,
67,0.8338667750358582,COMPLETED,,,,0.0,,,,rmsprop,0.000211835714905,30.0,10.0,2.0,2.0,62.0,focus_dnn,hyperband,val_auc,32,30,0.000211835714905,rmsprop,0.0,176,4,,24.0,,,,,4.0,176.0,relu,0.0008770110866183,,,,,,
15,0.8287540674209595,COMPLETED,,,,0.4,,,,rmsprop,0.000994030908059,2.0,0.0,3.0,0.0,,focus_dnn,hyperband,val_auc,32,30,0.000994030908059,rmsprop,0.4,112,4,,25.0,,,,,4.0,112.0,relu,0.0007065737352491,,,,,,
76,0.8284319639205933,COMPLETED,,,,0.4,,,,rmsprop,0.0005435385327956,30.0,10.0,1.0,1.0,68.0,focus_dnn,hyperband,val_auc,32,30,0.0005435385327956,rmsprop,0.4,160,5,,26.0,,,,,5.0,160.0,relu,0.0006688799931511,,,,,,
42,0.819806694984436,COMPLETED,,,,0.4,,,,rmsprop,0.000994030908059,4.0,2.0,3.0,1.0,15.0,focus_dnn,hyperband,val_auc,32,30,0.000994030908059,rmsprop,0.4,112,4,,27.0,,,,,4.0,112.0,relu,0.0007065737352491,,,,,,
75,0.8052334785461426,COMPLETED,,,,0.2,,,,adam,0.0002118322422815,10.0,0.0,1.0,0.0,,focus_dnn,hyperband,val_auc,32,30,0.0002118322422815,adam,0.2,256,2,,28.0,,,,,2.0,256.0,relu,0.0002080572736022,,,,,,
77,0.7649959325790405,COMPLETED,,,,0.2,,,,adam,0.0002118322422815,30.0,10.0,1.0,1.0,75.0,focus_dnn,hyperband,val_auc,32,30,0.0002118322422815,adam,0.2,256,2,,29.0,,,,,2.0,256.0,relu,0.0002080572736022,,,,,,
24,0.763717770576477,COMPLETED,,,,0.0,,,,adam,0.0008728800914207,2.0,0.0,3.0,0.0,,focus_dnn,hyperband,val_auc,32,30,0.0008728800914207,adam,0.0,160,2,,30.0,,,,,2.0,160.0,relu,0.0005172834599655,,,,,,
62,0.7545088529586792,COMPLETED,,,,0.0,,,,rmsprop,0.000211835714905,10.0,4.0,2.0,1.0,58.0,focus_dnn,hyperband,val_auc,32,30,0.000211835714905,rmsprop,0.0,176,4,,31.0,,,,,4.0,176.0,relu,0.0008770110866183,,,,,,
58,0.7456722855567932,COMPLETED,,,,0.0,,,,rmsprop,0.000211835714905,4.0,0.0,2.0,0.0,,focus_dnn,hyperband,val_auc,32,30,0.000211835714905,rmsprop,0.0,176,4,,32.0,,,,,4.0,176.0,relu,0.0008770110866183,,,,,,
20,0.6939009428024292,COMPLETED,,,,0.4,,,,adam,0.0008106975245197,2.0,0.0,3.0,0.0,,focus_dnn,hyperband,val_auc,32,30,0.0008106975245197,adam,0.4,32,3,,33.0,,,,,3.0,32.0,relu,0.0003422996525537,,,,,,
69,0.6920491456985474,COMPLETED,,,,0.1,,,,adam,0.0009373020661246,10.0,0.0,1.0,0.0,,focus_dnn,hyperband,val_auc,32,30,0.0009373020661246,adam,0.1,96,4,,34.0,,,,,4.0,96.0,gelu,5.047419875825298e-05,,,,,,
25,0.6915559768676758,COMPLETED,,,,0.3,,,,rmsprop,0.0003988919505634,2.0,0.0,3.0,0.0,,focus_dnn,hyperband,val_auc,32,30,0.0003988919505634,rmsprop,0.3,80,5,,35.0,,,,,5.0,80.0,gelu,0.0002454680832128,,,,,,
78,0.6905595660209656,COMPLETED,,,,0.1,,,,adam,0.0009373020661246,30.0,10.0,1.0,1.0,69.0,focus_dnn,hyperband,val_auc,32,30,0.0009373020661246,adam,0.1,96,4,,36.0,,,,,4.0,96.0,gelu,5.047419875825298e-05,,,,,,
82,0.688838541507721,COMPLETED,,,,0.0,,,,adam,0.0009961252285872,30.0,0.0,0.0,0.0,,focus_dnn,hyperband,val_auc,32,30,0.0009961252285872,adam,0.0,64,3,,37.0,,,,,3.0,64.0,relu,0.0008990923393727,,,,,,
51,0.6868759989738464,COMPLETED,,,,0.3,,,,adam,0.0003479135174441,4.0,0.0,2.0,0.0,,focus_dnn,hyperband,val_auc,32,30,0.0003479135174441,adam,0.3,16,3,,38.0,,,,,3.0,16.0,relu,0.0001779372312332,,,,,,
63,0.6851650476455688,COMPLETED,,,,0.3,,,,adam,0.0003479135174441,10.0,4.0,2.0,1.0,51.0,focus_dnn,hyperband,val_auc,32,30,0.0003479135174441,adam,0.3,16,3,,39.0,,,,,3.0,16.0,relu,0.0001779372312332,,,,,,
19,0.6839472651481628,COMPLETED,,,,0.4,,,,adam,0.0006228477152355,2.0,0.0,3.0,0.0,,focus_dnn,hyperband,val_auc,32,30,0.0006228477152355,adam,0.4,16,3,,40.0,,,,,3.0,16.0,gelu,0.0009015014086403,,,,,,
14,0.679730236530304,COMPLETED,,,,0.4,,,,rmsprop,0.0002200016500491,2.0,0.0,3.0,0.0,,focus_dnn,hyperband,val_auc,32,30,0.0002200016500491,rmsprop,0.4,144,4,,41.0,,,,,4.0,144.0,gelu,0.0004482672217136,,,,,,
56,0.6786332130432129,COMPLETED,,,,0.0,,,,adam,0.0006849152746583,4.0,0.0,2.0,0.0,,focus_dnn,hyperband,val_auc,32,30,0.0006849152746583,adam,0.0,224,5,,42.0,,,,,5.0,224.0,gelu,0.0002138809427457,,,,,,
74,0.6780797243118286,COMPLETED,,,,0.1,,,,rmsprop,0.0002792186998448,10.0,0.0,1.0,0.0,,focus_dnn,hyperband,val_auc,32,30,0.0002792186998448,rmsprop,0.1,80,1,,43.0,,,,,1.0,80.0,gelu,0.0009676573447316,,,,,,
52,0.6765902042388916,COMPLETED,,,,0.2,,,,rmsprop,0.000677861389907,4.0,0.0,2.0,0.0,,focus_dnn,hyperband,val_auc,32,30,0.000677861389907,rmsprop,0.2,192,5,,44.0,,,,,5.0,192.0,gelu,0.0001044426968179,,,,,,
10,0.6741545796394348,COMPLETED,,,,0.4,,,,adam,0.0007398840410166,2.0,0.0,3.0,0.0,,focus_dnn,hyperband,val_auc,32,30,0.0007398840410166,adam,0.4,16,3,,45.0,,,,,3.0,16.0,relu,0.0008213575314395,,,,,,
71,0.6722825765609741,COMPLETED,,,,0.4,,,,adam,0.0003587371258301,10.0,0.0,1.0,0.0,,focus_dnn,hyperband,val_auc,32,30,0.0003587371258301,adam,0.4,176,3,,46.0,,,,,3.0,176.0,gelu,0.0001470840698892,,,,,,
48,0.6706119179725647,COMPLETED,,,,0.2,,,,adam,0.0006379262068926,4.0,0.0,2.0,0.0,,focus_dnn,hyperband,val_auc,32,30,0.0006379262068926,adam,0.2,224,1,,47.0,,,,,1.0,224.0,relu,0.0002058103349401,,,,,,
46,0.6691123247146606,COMPLETED,,,,0.3,,,,rmsprop,0.000542629008481,4.0,0.0,2.0,0.0,,focus_dnn,hyperband,val_auc,32,30,0.000542629008481,rmsprop,0.3,16,2,,48.0,,,,,2.0,16.0,gelu,3.282264486742759e-05,,,,,,
18,0.669011652469635,COMPLETED,,,,0.3,,,,adam,0.0008236927420215,2.0,0.0,3.0,0.0,,focus_dnn,hyperband,val_auc,32,30,0.0008236927420215,adam,0.3,80,4,,49.0,,,,,4.0,80.0,gelu,0.0003525198563449,,,,,,
65,0.6687700748443604,COMPLETED,,,,0.2,,,,rmsprop,0.000677861389907,10.0,4.0,2.0,1.0,52.0,focus_dnn,hyperband,val_auc,32,30,0.000677861389907,rmsprop,0.2,192,5,,50.0,,,,,5.0,192.0,gelu,0.0001044426968179,,,,,,
64,0.6685688495635986,COMPLETED,,,,0.0,,,,adam,0.0006849152746583,10.0,4.0,2.0,1.0,56.0,focus_dnn,hyperband,val_auc,32,30,0.0006849152746583,adam,0.0,224,5,,51.0,,,,,5.0,224.0,gelu,0.0002138809427457,,,,,,
17,0.6675925850868225,COMPLETED,,,,0.0,,,,adam,0.0003059460151093,2.0,0.0,3.0,0.0,,focus_dnn,hyperband,val_auc,32,30,0.0003059460151093,adam,0.0,16,3,,52.0,,,,,3.0,16.0,gelu,1.6825005872407096e-05,,,,,,
6,0.6673007011413574,COMPLETED,,,,0.0,,,,adam,0.0002833034026789,2.0,0.0,3.0,0.0,,focus_dnn,hyperband,val_auc,32,30,0.0002833034026789,adam,0.0,64,4,,53.0,,,,,4.0,64.0,gelu,0.0003974888769814,,,,,,
28,0.6668679714202881,COMPLETED,,,,0.3,,,,rmsprop,0.0009515696769683,2.0,0.0,3.0,0.0,,focus_dnn,hyperband,val_auc,32,30,0.0009515696769683,rmsprop,0.3,32,4,,54.0,,,,,4.0,32.0,gelu,0.0003353560345429,,,,,,
73,0.666435182094574,COMPLETED,,,,0.1,,,,adam,0.0002470084920517,10.0,0.0,1.0,0.0,,focus_dnn,hyperband,val_auc,32,30,0.0002470084920517,adam,0.1,176,1,,55.0,,,,,1.0,176.0,relu,0.0005615843643604,,,,,,
21,0.666314423084259,COMPLETED,,,,0.1,,,,rmsprop,0.0006359668601759,2.0,0.0,3.0,0.0,,focus_dnn,hyperband,val_auc,32,30,0.0006359668601759,rmsprop,0.1,32,3,,56.0,,,,,3.0,32.0,gelu,0.0005617927570776,,,,,,
7,0.6662238240242004,COMPLETED,,,,0.2,,,,adam,0.0002750835231398,2.0,0.0,3.0,0.0,,focus_dnn,hyperband,val_auc,32,30,0.0002750835231398,adam,0.2,112,1,,57.0,,,,,1.0,112.0,gelu,0.0007601614783097,,,,,,
57,0.6649959683418274,COMPLETED,,,,0.4,,,,rmsprop,0.0008023756321746,4.0,0.0,2.0,0.0,,focus_dnn,hyperband,val_auc,32,30,0.0008023756321746,rmsprop,0.4,208,1,,58.0,,,,,1.0,208.0,relu,0.0009128950135066,,,,,,
59,0.6648449897766113,COMPLETED,,,,0.1,,,,rmsprop,0.0003165896151399,4.0,0.0,2.0,0.0,,focus_dnn,hyperband,val_auc,32,30,0.0003165896151399,rmsprop,0.1,32,2,,59.0,,,,,2.0,32.0,relu,0.0002337128845243,,,,,,
33,0.6647846698760986,COMPLETED,,,,0.1,,,,rmsprop,0.0004693984882506,2.0,0.0,3.0,0.0,,focus_dnn,hyperband,val_auc,32,30,0.0004693984882506,rmsprop,0.1,48,1,,60.0,,,,,1.0,48.0,gelu,0.0009014232016292,,,,,,
2,0.664683997631073,COMPLETED,,,,0.1,,,,adam,0.0009351924092899,2.0,0.0,3.0,0.0,,focus_dnn,hyperband,val_auc,32,30,0.0009351924092899,adam,0.1,16,5,,61.0,,,,,5.0,16.0,gelu,0.0003078067547337,,,,,,
29,0.6644222736358643,COMPLETED,,,,0.4,,,,adam,0.0005003071538666,2.0,0.0,3.0,0.0,,focus_dnn,hyperband,val_auc,32,30,0.0005003071538666,adam,0.4,240,1,,62.0,,,,,1.0,240.0,relu,0.0002710880606085,,,,,,
55,0.6641606092453003,COMPLETED,,,,0.2,,,,rmsprop,0.0004688287142816,4.0,0.0,2.0,0.0,,focus_dnn,hyperband,val_auc,32,30,0.0004688287142816,rmsprop,0.2,112,1,,63.0,,,,,1.0,112.0,gelu,0.0003502481698948,,,,,,
79,0.6641002297401428,COMPLETED,,,,0.1,,,,rmsprop,0.0004699176655106,30.0,0.0,0.0,0.0,,focus_dnn,hyperband,val_auc,32,30,0.0004699176655106,rmsprop,0.1,96,1,,64.0,,,,,1.0,96.0,gelu,0.0005508217619619,,,,,,
54,0.6639392375946045,COMPLETED,,,,0.0,,,,rmsprop,0.000208704259903,4.0,0.0,2.0,0.0,,focus_dnn,hyperband,val_auc,32,30,0.000208704259903,rmsprop,0.0,64,1,,65.0,,,,,1.0,64.0,relu,0.0003999966425826,,,,,,
13,0.6635063886642456,COMPLETED,,,,0.2,,,,adam,0.0001013591555021,2.0,0.0,3.0,0.0,,focus_dnn,hyperband,val_auc,32,30,0.0001013591555021,adam,0.2,128,3,,66.0,,,,,3.0,128.0,gelu,7.23665742694708e-05,,,,,,
47,0.6628824472427368,COMPLETED,,,,0.2,,,,rmsprop,0.0005298211680552,4.0,0.0,2.0,0.0,,focus_dnn,hyperband,val_auc,32,30,0.0005298211680552,rmsprop,0.2,240,3,,67.0,,,,,3.0,240.0,gelu,0.0006584375088863,,,,,,
83,0.6628421545028687,COMPLETED,,,,0.4,,,,adam,0.0009768116324174,30.0,0.0,0.0,0.0,,focus_dnn,hyperband,val_auc,32,30,0.0009768116324174,adam,0.4,16,2,,68.0,,,,,2.0,16.0,gelu,0.0003363283823636,,,,,,
70,0.6624395847320557,COMPLETED,,,,0.4,,,,adam,0.0001391769764283,10.0,0.0,1.0,0.0,,focus_dnn,hyperband,val_auc,32,30,0.0001391769764283,adam,0.4,80,1,,69.0,,,,,1.0,80.0,relu,0.0002496421160109,,,,,,
31,0.6615439057350159,COMPLETED,,,,0.1,,,,rmsprop,0.0008283840354756,2.0,0.0,3.0,0.0,,focus_dnn,hyperband,val_auc,32,30,0.0008283840354756,rmsprop,0.1,64,1,,70.0,,,,,1.0,64.0,relu,0.0007421172774367,,,,,,
60,0.6613627672195435,COMPLETED,,,,0.2,,,,rmsprop,0.0006800651018249,4.0,0.0,2.0,0.0,,focus_dnn,hyperband,val_auc,32,30,0.0006800651018249,rmsprop,0.2,16,1,,71.0,,,,,1.0,16.0,gelu,5.6692997098948376e-05,,,,,,
23,0.6612318754196167,COMPLETED,,,,0.0,,,,adam,0.0006013343333563,2.0,0.0,3.0,0.0,,focus_dnn,hyperband,val_auc,32,30,0.0006013343333563,adam,0.0,112,1,,72.0,,,,,1.0,112.0,relu,0.0005059766669498,,,,,,
16,0.6610809564590454,COMPLETED,,,,0.3,,,,adam,0.0002102833118576,2.0,0.0,3.0,0.0,,focus_dnn,hyperband,val_auc,32,30,0.0002102833118576,adam,0.3,160,2,,73.0,,,,,2.0,160.0,relu,0.000684252306403,,,,,,
50,0.6609098315238953,COMPLETED,,,,0.4,,,,rmsprop,0.0002767881476183,4.0,0.0,2.0,0.0,,focus_dnn,hyperband,val_auc,32,30,0.0002767881476183,rmsprop,0.4,32,1,,74.0,,,,,1.0,32.0,gelu,0.0006503872137164,,,,,,
26,0.6579106450080872,COMPLETED,,,,0.1,,,,rmsprop,0.0007344961639169,2.0,0.0,3.0,0.0,,focus_dnn,hyperband,val_auc,32,30,0.0007344961639169,rmsprop,0.1,192,1,,75.0,,,,,1.0,192.0,relu,0.0009196182992718,,,,,,
80,0.6568437814712524,COMPLETED,,,,0.0,,,,adam,0.0003728240320737,30.0,0.0,0.0,0.0,,focus_dnn,hyperband,val_auc,32,30,0.0003728240320737,adam,0.0,64,2,,76.0,,,,,2.0,64.0,relu,0.0003412638334283,,,,,,
12,0.6555253267288208,COMPLETED,,,,0.2,,,,adam,0.0004711859445288,2.0,0.0,3.0,0.0,,focus_dnn,hyperband,val_auc,32,30,0.0004711859445288,adam,0.2,16,3,,77.0,,,,,3.0,16.0,gelu,0.0005197779418935,,,,,,
27,0.64673912525177,COMPLETED,,,,0.1,,,,rmsprop,0.0006602733339778,2.0,0.0,3.0,0.0,,focus_dnn,hyperband,val_auc,32,30,0.0006602733339778,rmsprop,0.1,80,5,,78.0,,,,,5.0,80.0,gelu,0.0003468181991954,,,,,,
53,0.5425121188163757,COMPLETED,,,,0.1,,,,rmsprop,0.0002300950430398,4.0,0.0,2.0,0.0,,focus_dnn,hyperband,val_auc,32,30,0.0002300950430398,rmsprop,0.1,256,5,,79.0,,,,,5.0,256.0,gelu,0.0005548354562432,,,,,,
32,0.5,COMPLETED,,,,0.0,,,,adam,0.0009809683220771,2.0,0.0,3.0,0.0,,focus_dnn,hyperband,val_auc,32,30,0.0009809683220771,adam,0.0,64,5,,80.0,,,,,5.0,64.0,gelu,0.0008468921793952,,,,,,
72,0.5,COMPLETED,,,,0.1,,,,adam,0.0006618646093778,10.0,0.0,1.0,0.0,,focus_dnn,hyperband,val_auc,32,30,0.0006618646093778,adam,0.1,112,5,,80.0,,,,,5.0,112.0,gelu,0.0009310406118445,,,,,,
81,0.5,COMPLETED,,,,0.0,,,,adam,0.0007481784349801,30.0,0.0,0.0,0.0,,focus_dnn,hyperband,val_auc,32,30,0.0007481784349801,adam,0.0,192,5,,80.0,,,,,5.0,192.0,gelu,0.0009592810917579,,,,,,
1,,FAILED,,,,0.4,,,,rmsprop,0.0001813058688424,2.0,0.0,3.0,0.0,,focus_dnn,hyperband,val_auc,32,30,0.0001813058688424,rmsprop,0.4,128,1,,,,,,,1.0,128.0,relu,0.0006171414766699,,,,,,
0,,FAILED,,,,0.1,,,,adam,0.0005933420455746,2.0,0.0,3.0,0.0,,focus_dnn,hyperband,val_auc,32,30,0.0005933420455746,adam,0.1,16,4,,,,,,,4.0,16.0,relu,0.0008882680764524,,,,,,
