family,factor_name,factor_value,n_trials,mean_score,median_score,std_score,best_score
cnn,dense_units_std,128,19,0.903980741375371,0.961282193660736,0.11826562284388534,0.98854660987854
cnn,dense_units_std,256,18,0.9038334124618106,0.9201087355613708,0.08124639828810233,0.9968095421791076
cnn,dense_units_std,192,17,0.8810546433224398,0.9336352348327636,0.14123688473800142,0.9927937984466552
cnn,dense_units_std,0,19,0.8790808508270666,0.917512059211731,0.1387516876759594,0.9917171001434326
cnn,dense_units_std,64,17,0.8151392656214097,0.8416968584060669,0.14407444682851422,0.9801731705665588
cnn,depth_std,3,17,0.9105759192915523,0.928824543952942,0.09917147625521779,0.9899657368659972
cnn,depth_std,4,27,0.901199910375807,0.9614331126213074,0.12315868987671488,0.9927937984466552
cnn,depth_std,5,22,0.8783784481612119,0.9713869392871856,0.16443593233916548,0.9968095421791076
cnn,depth_std,2,24,0.8269147525231043,0.8359349966049194,0.1056202431316107,0.969555139541626
cnn,dropout_std,0.2,29,0.9009346057628763,0.9695451259613036,0.13159376574567588,0.9927937984466552
cnn,dropout_std,0.0,29,0.8996810584232725,0.9465378522872924,0.11962390102007796,0.9968095421791076
cnn,dropout_std,0.1,6,0.8796547750631968,0.8758957087993622,0.07050667442781951,0.9689512848854064
cnn,dropout_std,0.3,10,0.8664794921875,0.8844001591205597,0.12339481628810044,0.97784823179245
cnn,dropout_std,0.4,16,0.8013681434094906,0.8167622983455658,0.13943692253928133,0.992129683494568
cnn,filters_base,16.0,11,0.9252964691682295,0.9748390316963196,0.06600540466401587,0.9919082522392272
cnn,filters_base,24.0,13,0.9210261289889996,0.9546597599983216,0.05887191840426737,0.9864030480384828
cnn,filters_base,56.0,9,0.915600962109036,0.9889492988586426,0.13144474734816253,0.992129683494568
cnn,filters_base,48.0,16,0.9073407202959061,0.9167018830776215,0.08060872982951907,0.9968095421791076
cnn,filters_base,40.0,12,0.9007405539353689,0.9654891192913055,0.11207561247206668,0.9927937984466552
cnn,filters_base,32.0,11,0.8473905758424238,0.9099738001823424,0.15847455132517635,0.97784823179245
cnn,filters_base,64.0,18,0.7746013402938843,0.8159571290016174,0.16175773714674943,0.9899657368659972
cnn,kernel_size,3.0,61,0.9205424580417696,0.9640800952911376,0.09712077365138592,0.9968095421791076
cnn,kernel_size,5.0,29,0.7872199375053932,0.830173134803772,0.14500510440176942,0.9748390316963196
cnn,learning_rate_std,"(-0.000877, 0.000333]",23,0.9090325936027195,0.917512059211731,0.09007093433229149,0.9968095421791076
cnn,learning_rate_std,"(0.000333, 0.000565]",23,0.8969180972679801,0.9198570847511292,0.08509526253337645,0.992129683494568
cnn,learning_rate_std,"(0.000805, 0.00098]",23,0.8553240843441176,0.928824543952942,0.1605892747440854,0.9919082522392272
cnn,learning_rate_std,"(0.000565, 0.000805]",21,0.8463403951554072,0.8865237236022949,0.15811313954213096,0.9927937984466552
cnn,optimizer_std,rmsprop,42,0.8822502224218278,0.9219102561473846,0.12114213716985306,0.9927937984466552
cnn,optimizer_std,adam,48,0.8734991413851579,0.9157256484031677,0.13817557712052522,0.9968095421791076
cnn_attention,attention_type,none,15,0.8474127689997355,0.8772745728492737,0.13868641382021576,0.9950482845306396
cnn_attention,attention_type,se,11,0.8292444185777144,0.8441424369812012,0.1594053932416456,0.992834210395813
cnn_attention,attention_type,cbam,24,0.8241642440358797,0.9121578335762024,0.17385510912197896,0.9927937984466552
cnn_attention,dense_units_std,64,13,0.8706622215417715,0.953401744365692,0.16696073052177518,0.9950482845306396
cnn_attention,dense_units_std,192,13,0.8465424959476178,0.8226248025894165,0.14075291466230383,0.992834210395813
cnn_attention,dense_units_std,256,11,0.8354358781467784,0.866304337978363,0.1468033407629368,0.9927937984466552
cnn_attention,dense_units_std,0,3,0.7815989057223002,0.8245470523834229,0.15400520525942868,0.9450383186340332
cnn_attention,dense_units_std,128,10,0.7754569292068482,0.8438606560230255,0.17564185622905698,0.992814004421234
cnn_attention,depth_std,4,12,0.884538546204567,0.9384661316871642,0.14304998084772091,0.992834210395813
cnn_attention,depth_std,3,15,0.882833460966746,0.9617653489112854,0.13915209146611643,0.9950482845306396
cnn_attention,depth_std,2,13,0.7774487550442035,0.8226248025894165,0.1550022418969851,0.964009702205658
cnn_attention,depth_std,5,10,0.7649023711681366,0.8255434632301331,0.17164506783145167,0.9808171987533568
cnn_attention,dropout_std,0.0,14,0.8977937315191541,0.9811694622039795,0.16643223195359186,0.9950482845306396
cnn_attention,dropout_std,0.2,8,0.8606255203485489,0.9310940504074097,0.14758034558987568,0.992834210395813
cnn_attention,dropout_std,0.1,11,0.8167892748659308,0.91192626953125,0.17000178433659854,0.9894424676895142
cnn_attention,dropout_std,0.4,14,0.7940317903246198,0.8438606560230255,0.12785771229215515,0.9597824811935424
cnn_attention,dropout_std,0.3,3,0.6858595013618469,0.675412654876709,0.1092230923535987,0.8245470523834229
cnn_attention,filters_base,32.0,7,0.943230926990509,0.9808171987533568,0.06029885763538612,0.9927937984466552
cnn_attention,filters_base,56.0,3,0.8998389840126038,0.8907105922698975,0.04052451910573803,0.953401744365692
cnn_attention,filters_base,40.0,16,0.8724807575345039,0.9534018337726593,0.16623243552585618,0.9950482845306396
cnn_attention,filters_base,48.0,4,0.8724260032176971,0.8740035891532898,0.03899027029461232,0.917149782180786
cnn_attention,filters_base,16.0,8,0.8018694743514061,0.76432666182518,0.1437633769432503,0.9838869571685792
cnn_attention,filters_base,24.0,6,0.7092072566350301,0.7488626837730408,0.14180377191009583,0.8772745728492737
cnn_attention,filters_base,64.0,6,0.698515514532725,0.6314160823822021,0.18081386874592925,0.964009702205658
cnn_attention,kernel_size,3.0,32,0.8777812328189611,0.9545340240001678,0.15098597846827339,0.9950482845306396
cnn_attention,kernel_size,5.0,18,0.7513234747780694,0.7678442001342773,0.1462174674336573,0.9808171987533568
cnn_attention,learning_rate_std,"(0.000635, 0.000798]",12,0.8692381133635839,0.8862771987915039,0.13261536364773,0.992834210395813
cnn_attention,learning_rate_std,"(0.000798, 0.001]",13,0.847366213798523,0.9597824811935424,0.17771472305179148,0.9950482845306396
cnn_attention,learning_rate_std,"(-0.000872, 0.000356]",13,0.840620742394374,0.866304337978363,0.13073753833950644,0.9892008900642396
cnn_attention,learning_rate_std,"(0.000356, 0.000635]",12,0.7698445171117783,0.8477958738803864,0.17974617441772037,0.9617653489112854
cnn_attention,optimizer_std,rmsprop,29,0.8596937615295936,0.91192626953125,0.15392815170511293,0.9950482845306396
cnn_attention,optimizer_std,adam,21,0.7943668053263709,0.8435788750648499,0.16321899995864667,0.9737117290496826
cnn_focus_hybrid,backbone_std,mobilenetv2,40,0.9200933307409287,0.9601096510887146,0.11911890523932103,0.9668176174163818
cnn_focus_hybrid,backbone_std,custom_cnn,29,0.9101955890655518,0.930988311767578,0.06587000101122725,0.9819847345352172
cnn_focus_hybrid,backbone_std,efficientnetb0,21,0.801616058463142,0.8617955446243286,0.09352968526904107,0.906652569770813
cnn_focus_hybrid,dense_units_std,"(408.0, 512.0]",23,0.9079994455627773,0.9525159597396852,0.09684343884565554,0.9819847345352172
cnn_focus_hybrid,dense_units_std,"(128.0, 256.0]",19,0.9059681861024154,0.9571457505226136,0.11730462046007623,0.9786733984947203
cnn_focus_hybrid,dense_units_std,"(256.0, 408.0]",21,0.8930684867359343,0.927043080329895,0.08641079629986677,0.9652978777885436
cnn_focus_hybrid,dense_units_std,"(31.999, 128.0]",27,0.8585748716636941,0.906652569770813,0.12413922814106501,0.966253936290741
cnn_focus_hybrid,depth_std,3,37,0.918952637427562,0.960175096988678,0.09912466861398449,0.9819847345352172
cnn_focus_hybrid,depth_std,5,12,0.9049449563026428,0.8908312916755676,0.04126966227323441,0.966253936290741
cnn_focus_hybrid,depth_std,2,23,0.8846342511799025,0.9454307556152344,0.09925514171004741,0.9651166796684264
cnn_focus_hybrid,depth_std,4,18,0.8236759834819369,0.864673912525177,0.14241733911688403,0.9580013155937196
cnn_focus_hybrid,dropout_std,0.1,23,0.9059918160023896,0.9508956670761108,0.10788468334196424,0.9819847345352172
cnn_focus_hybrid,dropout_std,0.4,17,0.9007613448535695,0.9521034955978394,0.11765498502363013,0.9749496579170228
cnn_focus_hybrid,dropout_std,0.2,14,0.8926443329879216,0.9538445174694061,0.11755837096511218,0.9652978777885436
cnn_focus_hybrid,dropout_std,0.0,22,0.8914562138644132,0.9423762261867523,0.09142280139280062,0.966253936290741
cnn_focus_hybrid,dropout_std,0.3,14,0.8409664673464639,0.8610205352306366,0.10927122394601178,0.9650061130523682
cnn_focus_hybrid,filters_base,48.0,16,0.936989214271307,0.9631491601467133,0.050971303680040395,0.9786733984947203
cnn_focus_hybrid,filters_base,56.0,19,0.9085298431547064,0.960175096988678,0.11707691971232013,0.9668176174163818
cnn_focus_hybrid,filters_base,64.0,8,0.8935650661587715,0.916847825050354,0.0814808921945282,0.961020529270172
cnn_focus_hybrid,filters_base,24.0,7,0.8897271071161542,0.9393216967582704,0.09704519359759739,0.9629931449890136
cnn_focus_hybrid,filters_base,32.0,7,0.8844777856554303,0.9005334377288818,0.09550808887550453,0.966253936290741
cnn_focus_hybrid,filters_base,16.0,17,0.8618387089056128,0.8902475833892822,0.12463733821554908,0.9819847345352172
cnn_focus_hybrid,filters_base,40.0,16,0.8475147038698196,0.9124395847320557,0.12641555749805844,0.9626811146736144
cnn_focus_hybrid,kernel_size,5.0,41,0.8894267154902946,0.9459541440010072,0.09809331229248963,0.9651166796684264
cnn_focus_hybrid,kernel_size,3.0,49,0.8891193307175929,0.9508655667304992,0.11906403915960379,0.9819847345352172
cnn_focus_hybrid,learning_rate_std,"(-0.000884, 0.00026]",24,0.9019025837381681,0.9551278054714203,0.09749416125426223,0.9749496579170228
cnn_focus_hybrid,learning_rate_std,"(0.000732, 0.000995]",23,0.8992416703182718,0.9489834904670716,0.09538750258218436,0.9786733984947203
cnn_focus_hybrid,learning_rate_std,"(0.000534, 0.000732]",22,0.8869574151255868,0.957342028617859,0.1444632226096606,0.9819847345352172
cnn_focus_hybrid,learning_rate_std,"(0.00026, 0.000534]",21,0.8662885228792826,0.8834642171859741,0.09136541360995873,0.9626811146736144
cnn_focus_hybrid,optimizer_std,adam,45,0.9060507165061102,0.9508655667304992,0.08973140798967615,0.9749496579170228
cnn_focus_hybrid,optimizer_std,rmsprop,45,0.8724680066108703,0.9470812678337096,0.12485095417698563,0.9819847345352172
focus_dnn,activation,relu,51,0.7814806626767529,0.8287540674209595,0.08679814028404578,0.8871276378631592
focus_dnn,activation,gelu,33,0.6505212115518975,0.666314423084259,0.05323352729759531,0.6920491456985474
focus_dnn,dense_units_std,"(128.0, 180.0]",17,0.7905068958506865,0.8338667750358582,0.07616183890162953,0.8664956092834473
focus_dnn,dense_units_std,"(180.0, 256.0]",21,0.7389166837646848,0.6786332130432129,0.11286486129080613,0.8771135210990906
focus_dnn,dense_units_std,"(64.0, 128.0]",23,0.7380242645740509,0.6910577714443207,0.10406832878741269,0.8871276378631592
focus_dnn,dense_units_std,"(15.999, 64.0]",23,0.6621523201465607,0.6655797064304352,0.036937552731096196,0.6939009428024292
focus_dnn,depth_std,4,18,0.7771715486750883,0.819806694984436,0.08091344089493456,0.8664956092834473
focus_dnn,depth_std,2,14,0.7676012217998505,0.7851147055625916,0.0833659418567032,0.8705817461013794
focus_dnn,depth_std,5,20,0.7217688232660293,0.6850945949554443,0.13440812832201557,0.8771135210990906
focus_dnn,depth_std,3,15,0.715526020526886,0.6839472651481628,0.08171412373348166,0.8871276378631592
focus_dnn,depth_std,1,17,0.6645720154047012,0.6641304194927216,0.004466095008563421,0.6780797243118286
focus_dnn,dropout_std,0.0,26,0.7623792244837835,0.7987922728061676,0.11446522989911229,0.8871276378631592
focus_dnn,dropout_std,0.2,15,0.7307843486467998,0.6706119179725647,0.08273574447243599,0.8537539839744568
focus_dnn,dropout_std,0.4,15,0.7171317722116198,0.6769424080848694,0.07210286198689747,0.8432266712188721
focus_dnn,dropout_std,0.1,21,0.7103306323289871,0.6663748025894165,0.106311348059529,0.8654085993766785
focus_dnn,dropout_std,0.3,7,0.6756671326501029,0.6691123247146606,0.010991861546636181,0.6915559768676758
focus_dnn,learning_rate_std,"(0.000804, 0.000996]",21,0.7555057122593835,0.763717770576477,0.10172323848346651,0.8771135210990906
focus_dnn,learning_rate_std,"(0.000649, 0.000804]",21,0.7441540218534923,0.6786332130432129,0.1229786986359772,0.8871276378631592
focus_dnn,learning_rate_std,"(0.000356, 0.000649]",21,0.7222992151975631,0.6698621213436127,0.0840321552579065,0.8654085993766785
focus_dnn,learning_rate_std,"(-0.0008990000000000001, 0.000356]",21,0.6910456866025925,0.66744664311409,0.06142760957622177,0.8338667750358582
focus_dnn,optimizer_std,rmsprop,39,0.7416571378707886,0.6789049804210663,0.09569285384800065,0.8871276378631592
focus_dnn,optimizer_std,adam,45,0.7176541184837167,0.6812902390956879,0.10013131393981624,0.8705817461013794
