model_code_name,model_display_name,selection_rule,selected_threshold,threshold,validation_accuracy,validation_balanced_accuracy,validation_MCC,validation_F1,validation_Youden_J,validation_recall,validation_specificity,test_accuracy,test_precision,test_recall,test_specificity,test_balanced_accuracy,test_MCC,test_AUC,test_F1,test_TP,test_TN,test_FP,test_FN
cnn,CNN,fixed_0p50,0.5,0.5,0.9881889763779528,0.9623792270531402,0.9305739819087148,0.9370629370629372,0.9247584541062804,0.9305555555555556,0.9942028985507246,0.981157469717362,0.8701298701298701,0.943661971830986,0.9851190476190476,0.9643905097250168,0.8958693227541976,0.9935446009389672,0.9054054054054054,67,662,10,4
cnn,CNN,Youden_J,0.09,0.09,0.9829396325459318,0.9781400966183575,0.9075276982507026,0.915032679738562,0.9562801932367152,0.9722222222222222,0.9840579710144928,0.9596231493943472,0.711340206185567,0.971830985915493,0.9583333333333334,0.9650821596244132,0.8116547991274671,0.9935446009389672,0.8214285714285714,69,644,28,2
cnn,CNN,max_F1,0.52,0.52,0.989501312335958,0.9631038647342997,0.9379876652231732,0.943661971830986,0.9262077294685992,0.9305555555555556,0.9956521739130436,0.981157469717362,0.8701298701298701,0.943661971830986,0.9851190476190476,0.9643905097250168,0.8958693227541976,0.9935446009389672,0.9054054054054054,67,662,10,4
cnn,CNN,max_balanced_accuracy,0.09,0.09,0.9829396325459318,0.9781400966183575,0.9075276982507026,0.915032679738562,0.9562801932367152,0.9722222222222222,0.9840579710144928,0.9596231493943472,0.711340206185567,0.971830985915493,0.9583333333333334,0.9650821596244132,0.8116547991274671,0.9935446009389672,0.8214285714285714,69,644,28,2
cnn,CNN,max_MCC,0.52,0.52,0.989501312335958,0.9631038647342997,0.9379876652231732,0.943661971830986,0.9262077294685992,0.9305555555555556,0.9956521739130436,0.981157469717362,0.8701298701298701,0.943661971830986,0.9851190476190476,0.9643905097250168,0.8958693227541976,0.9935446009389672,0.9054054054054054,67,662,10,4
cnn_attention,Attention-CNN,fixed_0p50,0.5,0.5,0.9553805774278216,0.9691425120772948,0.7994585688645331,0.8068181818181818,0.9382850241545896,0.9861111111111112,0.9521739130434784,0.9582772543741588,0.7,0.9859154929577464,0.9553571428571428,0.9706363179074446,0.810818702607675,0.9958501006036216,0.8187134502923976,70,642,30,1
cnn_attention,Attention-CNN,Youden_J,0.56,0.56,0.9619422572178478,0.972765700483092,0.8226069763832717,0.8304093567251463,0.9455314009661836,0.9861111111111112,0.9594202898550724,0.9609690444145356,0.7142857142857143,0.9859154929577464,0.9583333333333334,0.97212441314554,0.8203654647058851,0.9958501006036216,0.8284023668639053,70,644,28,1
cnn_attention,Attention-CNN,max_F1,0.89,0.89,0.984251968503937,0.9353260869565218,0.9054383699708424,0.9130434782608696,0.8706521739130435,0.875,0.9956521739130436,0.9825033647375504,0.8918918918918919,0.9295774647887324,0.988095238095238,0.9588363514419852,0.9008919484224686,0.9958501006036216,0.9103448275862068,66,664,8,5
cnn_attention,Attention-CNN,max_balanced_accuracy,0.56,0.56,0.9619422572178478,0.972765700483092,0.8226069763832717,0.8304093567251463,0.9455314009661836,0.9861111111111112,0.9594202898550724,0.9609690444145356,0.7142857142857143,0.9859154929577464,0.9583333333333334,0.97212441314554,0.8203654647058851,0.9958501006036216,0.8284023668639053,70,644,28,1
cnn_attention,Attention-CNN,max_MCC,0.89,0.89,0.984251968503937,0.9353260869565218,0.9054383699708424,0.9130434782608696,0.8706521739130435,0.875,0.9956521739130436,0.9825033647375504,0.8918918918918919,0.9295774647887324,0.988095238095238,0.9588363514419852,0.9008919484224686,0.9958501006036216,0.9103448275862068,66,664,8,5
cnn_focus_hybrid,CNN--focus hybrid,fixed_0p50,0.5,0.5,0.9553805774278216,0.9193840579710144,0.7676467622854243,0.7875000000000001,0.8387681159420288,0.875,0.9637681159420288,0.9650067294751008,0.7777777777777778,0.8873239436619719,0.9732142857142856,0.9302691146881288,0.811731641744908,0.97761569416499,0.8289473684210527,63,654,18,8
cnn_focus_hybrid,CNN--focus hybrid,Youden_J,0.23,0.23,0.9356955380577427,0.9644927536231884,0.7434949661177755,0.7461139896373057,0.9289855072463769,1.0,0.9289855072463769,0.927321668909825,0.5691056910569106,0.9859154929577464,0.9211309523809524,0.9535232226693494,0.7174554452769534,0.97761569416499,0.7216494845360826,70,619,53,1
cnn_focus_hybrid,CNN--focus hybrid,max_F1,0.4,0.4,0.9566929133858268,0.944987922705314,0.7880327988639226,0.8023952095808383,0.8899758454106279,0.9305555555555556,0.9594202898550724,0.962314939434724,0.7362637362637363,0.943661971830986,0.9642857142857144,0.95397384305835,0.8141982095958734,0.97761569416499,0.8271604938271604,67,648,24,4
cnn_focus_hybrid,CNN--focus hybrid,max_balanced_accuracy,0.23,0.23,0.9356955380577427,0.9644927536231884,0.7434949661177755,0.7461139896373057,0.9289855072463769,1.0,0.9289855072463769,0.927321668909825,0.5691056910569106,0.9859154929577464,0.9211309523809524,0.9535232226693494,0.7174554452769534,0.97761569416499,0.7216494845360826,70,619,53,1
cnn_focus_hybrid,CNN--focus hybrid,max_MCC,0.4,0.4,0.9566929133858268,0.944987922705314,0.7880327988639226,0.8023952095808383,0.8899758454106279,0.9305555555555556,0.9594202898550724,0.962314939434724,0.7362637362637363,0.943661971830986,0.9642857142857144,0.95397384305835,0.8141982095958734,0.97761569416499,0.8271604938271604,67,648,24,4
transfer,Transfer learning,fixed_0p50,0.5,0.5,0.9383202099737532,0.9286231884057972,0.7217452144678853,0.7374301675977653,0.8572463768115943,0.9166666666666666,0.9405797101449276,0.9340511440107672,0.6057692307692307,0.8873239436619719,0.9389880952380952,0.9131560194500336,0.7001495151252212,0.9748490945674044,0.72,63,631,41,8
transfer,Transfer learning,Youden_J,0.3,0.3,0.9173228346456692,0.9481280193236716,0.6906718333590842,0.6926829268292682,0.896256038647343,0.9861111111111112,0.910144927536232,0.9057873485868102,0.5037593984962406,0.943661971830986,0.9017857142857144,0.92272384305835,0.6483504442544658,0.9748490945674044,0.6568627450980392,67,606,66,4
transfer,Transfer learning,max_F1,0.73,0.73,0.9619422572178478,0.8794685990338165,0.7735804229454201,0.7943262411347518,0.7589371980676329,0.7777777777777778,0.981159420289855,0.9528936742934052,0.7307692307692307,0.8028169014084507,0.96875,0.8857834507042254,0.739995836012197,0.9748490945674044,0.7651006711409397,57,651,21,14
transfer,Transfer learning,max_balanced_accuracy,0.3,0.3,0.9173228346456692,0.9481280193236716,0.6906718333590842,0.6926829268292682,0.896256038647343,0.9861111111111112,0.910144927536232,0.9057873485868102,0.5037593984962406,0.943661971830986,0.9017857142857144,0.92272384305835,0.6483504442544658,0.9748490945674044,0.6568627450980392,67,606,66,4
transfer,Transfer learning,max_MCC,0.73,0.73,0.9619422572178478,0.8794685990338165,0.7735804229454201,0.7943262411347518,0.7589371980676329,0.7777777777777778,0.981159420289855,0.9528936742934052,0.7307692307692307,0.8028169014084507,0.96875,0.8857834507042254,0.739995836012197,0.9748490945674044,0.7651006711409397,57,651,21,14
hybrid_vit,Hybrid ViT,fixed_0p50,0.5,0.5,0.931758530183727,0.91256038647343,0.6920023392867989,0.711111111111111,0.8251207729468599,0.8888888888888888,0.936231884057971,0.9380888290713324,0.6436781609195402,0.7887323943661971,0.9538690476190476,0.8713007209926225,0.6789816746969008,0.962168846411804,0.7088607594936709,56,641,31,15
hybrid_vit,Hybrid ViT,Youden_J,0.28,0.28,0.9120734908136484,0.9203502415458936,0.6557455927684194,0.6666666666666667,0.8407004830917875,0.9305555555555556,0.910144927536232,0.9219380888290714,0.5585585585585585,0.8732394366197183,0.9270833333333334,0.9001613849765258,0.6600228263444523,0.962168846411804,0.6813186813186813,62,623,49,9
hybrid_vit,Hybrid ViT,max_F1,0.74,0.74,0.9488188976377953,0.9095410628019324,0.7388159896688318,0.7607361963190185,0.8190821256038647,0.8611111111111112,0.9579710144927536,0.94885598923284,0.7323943661971831,0.7323943661971831,0.9717261904761904,0.8520602783366868,0.7041205566733736,0.962168846411804,0.7323943661971831,52,653,19,19
hybrid_vit,Hybrid ViT,max_balanced_accuracy,0.28,0.28,0.9120734908136484,0.9203502415458936,0.6557455927684194,0.6666666666666667,0.8407004830917875,0.9305555555555556,0.910144927536232,0.9219380888290714,0.5585585585585585,0.8732394366197183,0.9270833333333334,0.9001613849765258,0.6600228263444523,0.962168846411804,0.6813186813186813,62,623,49,9
hybrid_vit,Hybrid ViT,max_MCC,0.74,0.74,0.9488188976377953,0.9095410628019324,0.7388159896688318,0.7607361963190185,0.8190821256038647,0.8611111111111112,0.9579710144927536,0.94885598923284,0.7323943661971831,0.7323943661971831,0.9717261904761904,0.8520602783366868,0.7041205566733736,0.962168846411804,0.7323943661971831,52,653,19,19
focus_dnn,Focus-DNN,fixed_0p50,0.5,0.5,0.821522309711286,0.702415458937198,0.3024746502072529,0.3703703703703704,0.404830917874396,0.5555555555555556,0.8492753623188406,0.8438761776581427,0.3228346456692913,0.5774647887323944,0.8720238095238095,0.7247442991281019,0.3510267993528764,0.9079896042924211,0.4141414141414141,41,586,86,30
focus_dnn,Focus-DNN,Youden_J,0.41,0.41,0.6430446194225722,0.7780193236714976,0.3275829831463271,0.3333333333333333,0.5560386473429952,0.9444444444444444,0.6115942028985507,0.6473755047106325,0.2061538461538461,0.943661971830986,0.6160714285714286,0.7798667002012072,0.3317150777872612,0.9079896042924211,0.3383838383838383,67,414,258,4
focus_dnn,Focus-DNN,max_F1,0.79,0.79,0.9094488188976378,0.694987922705314,0.4268004154383579,0.4732824427480916,0.3899758454106279,0.4305555555555556,0.9594202898550724,0.9152086137281292,0.5666666666666667,0.4788732394366197,0.9613095238095238,0.7200913816230717,0.4749641889790027,0.9079896042924211,0.5190839694656487,34,646,26,37
focus_dnn,Focus-DNN,max_balanced_accuracy,0.41,0.41,0.6430446194225722,0.7780193236714976,0.3275829831463271,0.3333333333333333,0.5560386473429952,0.9444444444444444,0.6115942028985507,0.6473755047106325,0.2061538461538461,0.943661971830986,0.6160714285714286,0.7798667002012072,0.3317150777872612,0.9079896042924211,0.3383838383838383,67,414,258,4
focus_dnn,Focus-DNN,max_MCC,0.82,0.82,0.9291338582677166,0.6498792270531402,0.4829883471102914,0.4489795918367347,0.2997584541062803,0.3055555555555556,0.9942028985507246,0.9232839838492598,0.7692307692307693,0.2816901408450704,0.9910714285714286,0.6363807847082495,0.4363658342659008,0.9079896042924211,0.4123711340206186,20,666,6,51
classical_ml,Classical ML,fixed_0p50,0.5,0.5,0.9330708661417324,0.7702294685990339,0.5825451219480335,0.6165413533834587,0.5404589371980677,0.5694444444444444,0.9710144927536232,0.9394347240915208,0.7708333333333334,0.5211267605633803,0.9836309523809524,0.7523788564721663,0.6036479829464343,0.8568494299128102,0.6218487394957983,37,661,11,34
classical_ml,Classical ML,Youden_J,0.46,0.46,0.931758530183727,0.7757246376811595,0.5815387594160228,0.6176470588235293,0.551449275362319,0.5833333333333334,0.9681159420289857,0.9394347240915208,0.7708333333333334,0.5211267605633803,0.9836309523809524,0.7523788564721663,0.6036479829464343,0.8568494299128102,0.6218487394957983,37,661,11,34
classical_ml,Classical ML,max_F1,0.71,0.71,0.94750656167979,0.7657608695652174,0.6527943672369048,0.6610169491525423,0.5315217391304348,0.5416666666666666,0.989855072463768,0.9394347240915208,0.8611111111111112,0.4366197183098591,0.9925595238095238,0.7145896210596915,0.587613225715903,0.8568494299128102,0.5794392523364487,31,667,5,40
classical_ml,Classical ML,max_balanced_accuracy,0.46,0.46,0.931758530183727,0.7757246376811595,0.5815387594160228,0.6176470588235293,0.551449275362319,0.5833333333333334,0.9681159420289857,0.9394347240915208,0.7708333333333334,0.5211267605633803,0.9836309523809524,0.7523788564721663,0.6036479829464343,0.8568494299128102,0.6218487394957983,37,661,11,34
classical_ml,Classical ML,max_MCC,0.71,0.71,0.94750656167979,0.7657608695652174,0.6527943672369048,0.6610169491525423,0.5315217391304348,0.5416666666666666,0.989855072463768,0.9394347240915208,0.8611111111111112,0.4366197183098591,0.9925595238095238,0.7145896210596915,0.587613225715903,0.8568494299128102,0.5794392523364487,31,667,5,40
threshold_baselines,Threshold baselines,fixed_0p50,0.5,0.5,0.7860892388451444,0.6952898550724638,0.2716204081071392,0.3400809716599191,0.3905797101449275,0.5833333333333334,0.8072463768115942,0.8331090174966352,0.3037037037037037,0.5774647887323944,0.8601190476190477,0.718791918175721,0.3336233266216543,0.6903294768611671,0.3980582524271844,41,578,94,30
threshold_baselines,Threshold baselines,Youden_J,0.64,0.64,0.8280839895013123,0.7184782608695652,0.3273525106212383,0.3906976744186046,0.4369565217391304,0.5833333333333334,0.8536231884057971,0.8600269179004038,0.3539823008849557,0.5633802816901409,0.8913690476190477,0.7273746646545942,0.3722857230883504,0.6903294768611671,0.4347826086956522,40,599,73,31
threshold_baselines,Threshold baselines,max_F1,0.82,0.82,0.8569553805774278,0.7095410628019323,0.3449279294760226,0.4108108108108108,0.4190821256038646,0.5277777777777778,0.8913043478260869,0.8748317631224765,0.3804347826086957,0.4929577464788732,0.9151785714285714,0.7040681589537223,0.3642794271967647,0.6903294768611671,0.4294478527607362,35,615,57,36
threshold_baselines,Threshold baselines,max_balanced_accuracy,0.64,0.64,0.8280839895013123,0.7184782608695652,0.3273525106212383,0.3906976744186046,0.4369565217391304,0.5833333333333334,0.8536231884057971,0.8600269179004038,0.3539823008849557,0.5633802816901409,0.8913690476190477,0.7273746646545942,0.3722857230883504,0.6903294768611671,0.4347826086956522,40,599,73,31
threshold_baselines,Threshold baselines,max_MCC,0.82,0.82,0.8569553805774278,0.7095410628019323,0.3449279294760226,0.4108108108108108,0.4190821256038646,0.5277777777777778,0.8913043478260869,0.8748317631224765,0.3804347826086957,0.4929577464788732,0.9151785714285714,0.7040681589537223,0.3642794271967647,0.6903294768611671,0.4294478527607362,35,615,57,36
vit,ViT,fixed_0p50,0.5,0.5,0.8727034120734908,0.6809178743961353,0.3295336209008667,0.3975155279503105,0.3618357487922705,0.4444444444444444,0.917391304347826,0.8977119784656796,0.4545454545454545,0.352112676056338,0.9553571428571428,0.6537349094567404,0.3452556060301749,0.7398977196512408,0.3968253968253968,25,642,30,46
vit,ViT,Youden_J,0.45,0.45,0.8385826771653543,0.7056159420289855,0.3207604860474742,0.3880597014925373,0.4112318840579709,0.5416666666666666,0.8695652173913043,0.8707940780619112,0.3417721518987341,0.380281690140845,0.9226190476190476,0.6514503688799463,0.2888793888826633,0.7398977196512408,0.36,27,620,52,44
vit,ViT,max_F1,0.48,0.48,0.8713910761154856,0.6988526570048309,0.3505738002173281,0.4166666666666666,0.3977053140096618,0.4861111111111111,0.9115942028985508,0.8909825033647375,0.4166666666666667,0.352112676056338,0.9479166666666666,0.6500146713615023,0.3237364234470252,0.7398977196512408,0.381679389312977,25,637,35,46
vit,ViT,max_balanced_accuracy,0.45,0.45,0.8385826771653543,0.7056159420289855,0.3207604860474742,0.3880597014925373,0.4112318840579709,0.5416666666666666,0.8695652173913043,0.8707940780619112,0.3417721518987341,0.380281690140845,0.9226190476190476,0.6514503688799463,0.2888793888826633,0.7398977196512408,0.36,27,620,52,44
vit,ViT,max_MCC,0.62,0.62,0.8858267716535433,0.6819444444444445,0.3531579117518386,0.4161073825503356,0.3638888888888889,0.4305555555555556,0.9333333333333332,0.917900403768506,0.65625,0.2957746478873239,0.9836309523809524,0.6397028001341382,0.4046123438377556,0.7398977196512408,0.4077669902912621,21,661,11,50
