model_code_name,model_display_name,selection_rule,threshold,validation_balanced_accuracy,validation_ECE,validation_MCC,selection_family,constraint_satisfied,lambda,delta,test_balanced_accuracy,test_MCC,test_F1,test_recall,test_specificity,test_ECE,test_Brier score,false_acceptance_rate,false_rejection_rate,test_TP,test_TN,test_FP,test_FN,CAOPS_score
cnn,CNN,fixed_0p50,0.5,0.9623792270531402,0.0068114848167363,0.9305739819087148,reference,,,,0.9643905097250168,0.8958693227541976,0.9054054054054054,0.943661971830986,0.9851190476190476,0.0091723294691581,0.0150547462004704,0.0148809523809523,0.056338028169014,67,662,10,4,
cnn,CNN,Youden_J,0.09,0.9781400966183575,0.0091828383417693,0.9075276982507026,reference,,,,0.9650821596244132,0.8116547991274671,0.8214285714285714,0.971830985915493,0.9583333333333334,0.0142683840035697,0.0150547462004704,0.0416666666666666,0.028169014084507,69,644,28,2,
cnn,CNN,max_F1,0.52,0.9631038647342997,0.0081721390218984,0.9379876652231732,reference,,,,0.9643905097250168,0.8958693227541976,0.9054054054054054,0.943661971830986,0.9851190476190476,0.0091723294691581,0.0150547462004704,0.0148809523809523,0.056338028169014,67,662,10,4,
cnn,CNN,max_balanced_accuracy,0.09,0.9781400966183575,0.0091828383417693,0.9075276982507026,reference,,,,0.9650821596244132,0.8116547991274671,0.8214285714285714,0.971830985915493,0.9583333333333334,0.0142683840035697,0.0150547462004704,0.0416666666666666,0.028169014084507,69,644,28,2,
cnn,CNN,max_MCC,0.52,0.9631038647342997,0.0081721390218984,0.9379876652231732,reference,,,,0.9643905097250168,0.8958693227541976,0.9054054054054054,0.943661971830986,0.9851190476190476,0.0091723294691581,0.0150547462004704,0.0148809523809523,0.056338028169014,67,662,10,4,
cnn,CNN,CAOPS_penalty_lambda_0.0,0.09,0.9781400966183575,0.0091828383417693,0.9075276982507026,CAOPS_penalty,,0.0,,0.9650821596244132,0.8116547991274671,0.8214285714285714,0.971830985915493,0.9583333333333334,0.0142683840035697,0.0150547462004704,0.0416666666666666,0.028169014084507,69,644,28,2,0.9781400966183575
cnn,CNN,CAOPS_penalty_lambda_0.1,0.09,0.9781400966183575,0.0091828383417693,0.9075276982507026,CAOPS_penalty,,0.1,,0.9650821596244132,0.8116547991274671,0.8214285714285714,0.971830985915493,0.9583333333333334,0.0142683840035697,0.0150547462004704,0.0416666666666666,0.028169014084507,69,644,28,2,0.9772218127841806
cnn,CNN,CAOPS_penalty_lambda_0.25,0.09,0.9781400966183575,0.0091828383417693,0.9075276982507026,CAOPS_penalty,,0.25,,0.9650821596244132,0.8116547991274671,0.8214285714285714,0.971830985915493,0.9583333333333334,0.0142683840035697,0.0150547462004704,0.0416666666666666,0.028169014084507,69,644,28,2,0.9758443870329152
cnn,CNN,CAOPS_penalty_lambda_0.5,0.09,0.9781400966183575,0.0091828383417693,0.9075276982507026,CAOPS_penalty,,0.5,,0.9650821596244132,0.8116547991274671,0.8214285714285714,0.971830985915493,0.9583333333333334,0.0142683840035697,0.0150547462004704,0.0416666666666666,0.028169014084507,69,644,28,2,0.9735486774474728
cnn,CNN,CAOPS_penalty_lambda_1.0,0.09,0.9781400966183575,0.0091828383417693,0.9075276982507026,CAOPS_penalty,,1.0,,0.9650821596244132,0.8116547991274671,0.8214285714285714,0.971830985915493,0.9583333333333334,0.0142683840035697,0.0150547462004704,0.0416666666666666,0.028169014084507,69,644,28,2,0.9689572582765882
cnn,CNN,CAOPS_constraint_delta_0.025,0.09,0.9781400966183575,0.0091828383417693,0.9075276982507026,CAOPS_constraint,True,,0.025,0.9650821596244132,0.8116547991274671,0.8214285714285714,0.971830985915493,0.9583333333333334,0.0142683840035697,0.0150547462004704,0.0416666666666666,0.028169014084507,69,644,28,2,
cnn,CNN,CAOPS_constraint_delta_0.05,0.09,0.9781400966183575,0.0091828383417693,0.9075276982507026,CAOPS_constraint,True,,0.05,0.9650821596244132,0.8116547991274671,0.8214285714285714,0.971830985915493,0.9583333333333334,0.0142683840035697,0.0150547462004704,0.0416666666666666,0.028169014084507,69,644,28,2,
cnn,CNN,CAOPS_constraint_delta_0.075,0.09,0.9781400966183575,0.0091828383417693,0.9075276982507026,CAOPS_constraint,True,,0.075,0.9650821596244132,0.8116547991274671,0.8214285714285714,0.971830985915493,0.9583333333333334,0.0142683840035697,0.0150547462004704,0.0416666666666666,0.028169014084507,69,644,28,2,
cnn,CNN,CAOPS_constraint_delta_0.1,0.09,0.9781400966183575,0.0091828383417693,0.9075276982507026,CAOPS_constraint,True,,0.1,0.9650821596244132,0.8116547991274671,0.8214285714285714,0.971830985915493,0.9583333333333334,0.0142683840035697,0.0150547462004704,0.0416666666666666,0.028169014084507,69,644,28,2,
cnn_attention,Attention-CNN,fixed_0p50,0.5,0.9691425120772948,0.0243941590791831,0.7994585688645331,reference,,,,0.9706363179074446,0.810818702607675,0.8187134502923976,0.9859154929577464,0.9553571428571428,0.0126134466462391,0.0325594526791175,0.0446428571428571,0.0140845070422535,70,642,30,1,
cnn_attention,Attention-CNN,Youden_J,0.56,0.972765700483092,0.0243941590791831,0.8226069763832717,reference,,,,0.97212441314554,0.8203654647058851,0.8284023668639053,0.9859154929577464,0.9583333333333334,0.0153973691022334,0.0325594526791175,0.0416666666666666,0.0140845070422535,70,644,28,1,
cnn_attention,Attention-CNN,max_F1,0.89,0.9353260869565218,0.0572861244452813,0.9054383699708424,reference,,,,0.9588363514419852,0.9008919484224686,0.9103448275862068,0.9295774647887324,0.988095238095238,0.0494913350151255,0.0325594526791175,0.0119047619047619,0.0704225352112676,66,664,8,5,
cnn_attention,Attention-CNN,max_balanced_accuracy,0.56,0.972765700483092,0.0243941590791831,0.8226069763832717,reference,,,,0.97212441314554,0.8203654647058851,0.8284023668639053,0.9859154929577464,0.9583333333333334,0.0153973691022334,0.0325594526791175,0.0416666666666666,0.0140845070422535,70,644,28,1,
cnn_attention,Attention-CNN,max_MCC,0.89,0.9353260869565218,0.0572861244452813,0.9054383699708424,reference,,,,0.9588363514419852,0.9008919484224686,0.9103448275862068,0.9295774647887324,0.988095238095238,0.0494913350151255,0.0325594526791175,0.0119047619047619,0.0704225352112676,66,664,8,5,
cnn_attention,Attention-CNN,CAOPS_penalty_lambda_0.0,0.56,0.972765700483092,0.0243941590791831,0.8226069763832717,CAOPS_penalty,,0.0,,0.97212441314554,0.8203654647058851,0.8284023668639053,0.9859154929577464,0.9583333333333334,0.0153973691022334,0.0325594526791175,0.0416666666666666,0.0140845070422535,70,644,28,1,0.972765700483092
cnn_attention,Attention-CNN,CAOPS_penalty_lambda_0.1,0.56,0.972765700483092,0.0243941590791831,0.8226069763832717,CAOPS_penalty,,0.1,,0.97212441314554,0.8203654647058851,0.8284023668639053,0.9859154929577464,0.9583333333333334,0.0153973691022334,0.0325594526791175,0.0416666666666666,0.0140845070422535,70,644,28,1,0.9703262845751736
cnn_attention,Attention-CNN,CAOPS_penalty_lambda_0.25,0.56,0.972765700483092,0.0243941590791831,0.8226069763832717,CAOPS_penalty,,0.25,,0.97212441314554,0.8203654647058851,0.8284023668639053,0.9859154929577464,0.9583333333333334,0.0153973691022334,0.0325594526791175,0.0416666666666666,0.0140845070422535,70,644,28,1,0.966667160713296
cnn_attention,Attention-CNN,CAOPS_penalty_lambda_0.5,0.56,0.972765700483092,0.0243941590791831,0.8226069763832717,CAOPS_penalty,,0.5,,0.97212441314554,0.8203654647058851,0.8284023668639053,0.9859154929577464,0.9583333333333334,0.0153973691022334,0.0325594526791175,0.0416666666666666,0.0140845070422535,70,644,28,1,0.9605686209435004
cnn_attention,Attention-CNN,CAOPS_penalty_lambda_1.0,0.56,0.972765700483092,0.0243941590791831,0.8226069763832717,CAOPS_penalty,,1.0,,0.97212441314554,0.8203654647058851,0.8284023668639053,0.9859154929577464,0.9583333333333334,0.0153973691022334,0.0325594526791175,0.0416666666666666,0.0140845070422535,70,644,28,1,0.9483715414039088
cnn_attention,Attention-CNN,CAOPS_constraint_delta_0.025,0.56,0.972765700483092,0.0243941590791831,0.8226069763832717,CAOPS_constraint,True,,0.025,0.97212441314554,0.8203654647058851,0.8284023668639053,0.9859154929577464,0.9583333333333334,0.0153973691022334,0.0325594526791175,0.0416666666666666,0.0140845070422535,70,644,28,1,
cnn_attention,Attention-CNN,CAOPS_constraint_delta_0.05,0.56,0.972765700483092,0.0243941590791831,0.8226069763832717,CAOPS_constraint,True,,0.05,0.97212441314554,0.8203654647058851,0.8284023668639053,0.9859154929577464,0.9583333333333334,0.0153973691022334,0.0325594526791175,0.0416666666666666,0.0140845070422535,70,644,28,1,
cnn_attention,Attention-CNN,CAOPS_constraint_delta_0.075,0.56,0.972765700483092,0.0243941590791831,0.8226069763832717,CAOPS_constraint,True,,0.075,0.97212441314554,0.8203654647058851,0.8284023668639053,0.9859154929577464,0.9583333333333334,0.0153973691022334,0.0325594526791175,0.0416666666666666,0.0140845070422535,70,644,28,1,
cnn_attention,Attention-CNN,CAOPS_constraint_delta_0.1,0.56,0.972765700483092,0.0243941590791831,0.8226069763832717,CAOPS_constraint,True,,0.1,0.97212441314554,0.8203654647058851,0.8284023668639053,0.9859154929577464,0.9583333333333334,0.0153973691022334,0.0325594526791175,0.0416666666666666,0.0140845070422535,70,644,28,1,
cnn_focus_hybrid,CNN--focus hybrid,fixed_0p50,0.5,0.9193840579710144,0.0301950820100442,0.7676467622854243,reference,,,,0.9302691146881288,0.811731641744908,0.8289473684210527,0.8873239436619719,0.9732142857142856,0.0349729845487159,0.0310908803406463,0.0267857142857142,0.1126760563380281,63,654,18,8,
cnn_focus_hybrid,CNN--focus hybrid,Youden_J,0.23,0.9644927536231884,0.0315368105671703,0.7434949661177755,reference,,,,0.9535232226693494,0.7174554452769534,0.7216494845360826,0.9859154929577464,0.9211309523809524,0.0349729845487159,0.0310908803406463,0.0788690476190476,0.0140845070422535,70,619,53,1,
cnn_focus_hybrid,CNN--focus hybrid,max_F1,0.4,0.944987922705314,0.0301950820100442,0.7880327988639226,reference,,,,0.95397384305835,0.8141982095958734,0.8271604938271604,0.943661971830986,0.9642857142857144,0.0349729845487159,0.0310908803406463,0.0357142857142857,0.056338028169014,67,648,24,4,
cnn_focus_hybrid,CNN--focus hybrid,max_balanced_accuracy,0.23,0.9644927536231884,0.0315368105671703,0.7434949661177755,reference,,,,0.9535232226693494,0.7174554452769534,0.7216494845360826,0.9859154929577464,0.9211309523809524,0.0349729845487159,0.0310908803406463,0.0788690476190476,0.0140845070422535,70,619,53,1,
cnn_focus_hybrid,CNN--focus hybrid,max_MCC,0.4,0.944987922705314,0.0301950820100442,0.7880327988639226,reference,,,,0.95397384305835,0.8141982095958734,0.8271604938271604,0.943661971830986,0.9642857142857144,0.0349729845487159,0.0310908803406463,0.0357142857142857,0.056338028169014,67,648,24,4,
cnn_focus_hybrid,CNN--focus hybrid,CAOPS_penalty_lambda_0.0,0.23,0.9644927536231884,0.0315368105671703,0.7434949661177755,CAOPS_penalty,,0.0,,0.9535232226693494,0.7174554452769534,0.7216494845360826,0.9859154929577464,0.9211309523809524,0.0349729845487159,0.0310908803406463,0.0788690476190476,0.0140845070422535,70,619,53,1,0.9644927536231884
cnn_focus_hybrid,CNN--focus hybrid,CAOPS_penalty_lambda_0.1,0.23,0.9644927536231884,0.0315368105671703,0.7434949661177755,CAOPS_penalty,,0.1,,0.9535232226693494,0.7174554452769534,0.7216494845360826,0.9859154929577464,0.9211309523809524,0.0349729845487159,0.0310908803406463,0.0788690476190476,0.0140845070422535,70,619,53,1,0.9613390725664714
cnn_focus_hybrid,CNN--focus hybrid,CAOPS_penalty_lambda_0.25,0.23,0.9644927536231884,0.0315368105671703,0.7434949661177755,CAOPS_penalty,,0.25,,0.9535232226693494,0.7174554452769534,0.7216494845360826,0.9859154929577464,0.9211309523809524,0.0349729845487159,0.0310908803406463,0.0788690476190476,0.0140845070422535,70,619,53,1,0.956608550981396
cnn_focus_hybrid,CNN--focus hybrid,CAOPS_penalty_lambda_0.5,0.23,0.9644927536231884,0.0315368105671703,0.7434949661177755,CAOPS_penalty,,0.5,,0.9535232226693494,0.7174554452769534,0.7216494845360826,0.9859154929577464,0.9211309523809524,0.0349729845487159,0.0310908803406463,0.0788690476190476,0.0140845070422535,70,619,53,1,0.9487243483396032
cnn_focus_hybrid,CNN--focus hybrid,CAOPS_penalty_lambda_1.0,0.25,0.9633454106280194,0.0301950820100442,0.7655260350166169,CAOPS_penalty,,1.0,,0.9509452548625084,0.7304741687366221,0.7379679144385026,0.971830985915493,0.9300595238095238,0.0349729845487159,0.0310908803406463,0.0699404761904761,0.028169014084507,69,625,47,2,0.9331503286179752
cnn_focus_hybrid,CNN--focus hybrid,CAOPS_constraint_delta_0.025,0.26,0.9571256038647342,0.0301950820100442,0.7609150882609166,CAOPS_constraint,False,,0.025,0.9524333501006036,0.738109285145832,0.745945945945946,0.971830985915493,0.9330357142857144,0.0349729845487159,0.0310908803406463,0.0669642857142857,0.028169014084507,69,627,45,2,
cnn_focus_hybrid,CNN--focus hybrid,CAOPS_constraint_delta_0.05,0.23,0.9644927536231884,0.0315368105671703,0.7434949661177755,CAOPS_constraint,True,,0.05,0.9535232226693494,0.7174554452769534,0.7216494845360826,0.9859154929577464,0.9211309523809524,0.0349729845487159,0.0310908803406463,0.0788690476190476,0.0140845070422535,70,619,53,1,
cnn_focus_hybrid,CNN--focus hybrid,CAOPS_constraint_delta_0.075,0.23,0.9644927536231884,0.0315368105671703,0.7434949661177755,CAOPS_constraint,True,,0.075,0.9535232226693494,0.7174554452769534,0.7216494845360826,0.9859154929577464,0.9211309523809524,0.0349729845487159,0.0310908803406463,0.0788690476190476,0.0140845070422535,70,619,53,1,
cnn_focus_hybrid,CNN--focus hybrid,CAOPS_constraint_delta_0.1,0.23,0.9644927536231884,0.0315368105671703,0.7434949661177755,CAOPS_constraint,True,,0.1,0.9535232226693494,0.7174554452769534,0.7216494845360826,0.9859154929577464,0.9211309523809524,0.0349729845487159,0.0310908803406463,0.0788690476190476,0.0140845070422535,70,619,53,1,
transfer,Transfer learning,fixed_0p50,0.5,0.9286231884057972,0.0186635776349546,0.7217452144678853,reference,,,,0.9131560194500336,0.7001495151252212,0.72,0.8873239436619719,0.9389880952380952,0.0108365580710001,0.0474812677688252,0.0610119047619047,0.1126760563380281,63,631,41,8,
transfer,Transfer learning,Youden_J,0.3,0.9481280193236716,0.0324887040770253,0.6906718333590842,reference,,,,0.92272384305835,0.6483504442544658,0.6568627450980392,0.943661971830986,0.9017857142857144,0.0298872707719684,0.0474812677688252,0.0982142857142857,0.056338028169014,67,606,66,4,
transfer,Transfer learning,max_F1,0.73,0.8794685990338165,0.0433902543724972,0.7735804229454201,reference,,,,0.8857834507042254,0.739995836012197,0.7651006711409397,0.8028169014084507,0.96875,0.0342908620483067,0.0474812677688252,0.03125,0.1971830985915492,57,651,21,14,
transfer,Transfer learning,max_balanced_accuracy,0.3,0.9481280193236716,0.0324887040770253,0.6906718333590842,reference,,,,0.92272384305835,0.6483504442544658,0.6568627450980392,0.943661971830986,0.9017857142857144,0.0298872707719684,0.0474812677688252,0.0982142857142857,0.056338028169014,67,606,66,4,
transfer,Transfer learning,max_MCC,0.73,0.8794685990338165,0.0433902543724972,0.7735804229454201,reference,,,,0.8857834507042254,0.739995836012197,0.7651006711409397,0.8028169014084507,0.96875,0.0342908620483067,0.0474812677688252,0.03125,0.1971830985915492,57,651,21,14,
transfer,Transfer learning,CAOPS_penalty_lambda_0.0,0.3,0.9481280193236716,0.0324887040770253,0.6906718333590842,CAOPS_penalty,,0.0,,0.92272384305835,0.6483504442544658,0.6568627450980392,0.943661971830986,0.9017857142857144,0.0298872707719684,0.0474812677688252,0.0982142857142857,0.056338028169014,67,606,66,4,0.9481280193236716
transfer,Transfer learning,CAOPS_penalty_lambda_0.1,0.3,0.9481280193236716,0.0324887040770253,0.6906718333590842,CAOPS_penalty,,0.1,,0.92272384305835,0.6483504442544658,0.6568627450980392,0.943661971830986,0.9017857142857144,0.0298872707719684,0.0474812677688252,0.0982142857142857,0.056338028169014,67,606,66,4,0.944879148915969
transfer,Transfer learning,CAOPS_penalty_lambda_0.25,0.45,0.9465579710144928,0.0194341251281909,0.7324174898312331,CAOPS_penalty,,0.25,,0.9164780348759224,0.6895054615263175,0.7071823204419889,0.9014084507042254,0.9315476190476192,0.0150233149899214,0.0474812677688252,0.0684523809523809,0.0985915492957746,64,626,46,7,0.9416994397324452
transfer,Transfer learning,CAOPS_penalty_lambda_0.5,0.45,0.9465579710144928,0.0194341251281909,0.7324174898312331,CAOPS_penalty,,0.5,,0.9164780348759224,0.6895054615263175,0.7071823204419889,0.9014084507042254,0.9315476190476192,0.0150233149899214,0.0474812677688252,0.0684523809523809,0.0985915492957746,64,626,46,7,0.9368409084503974
transfer,Transfer learning,CAOPS_penalty_lambda_1.0,0.45,0.9465579710144928,0.0194341251281909,0.7324174898312331,CAOPS_penalty,,1.0,,0.9164780348759224,0.6895054615263175,0.7071823204419889,0.9014084507042254,0.9315476190476192,0.0150233149899214,0.0474812677688252,0.0684523809523809,0.0985915492957746,64,626,46,7,0.9271238458863018
transfer,Transfer learning,CAOPS_constraint_delta_0.025,0.45,0.9465579710144928,0.0194341251281909,0.7324174898312331,CAOPS_constraint,True,,0.025,0.9164780348759224,0.6895054615263175,0.7071823204419889,0.9014084507042254,0.9315476190476192,0.0150233149899214,0.0474812677688252,0.0684523809523809,0.0985915492957746,64,626,46,7,
transfer,Transfer learning,CAOPS_constraint_delta_0.05,0.3,0.9481280193236716,0.0324887040770253,0.6906718333590842,CAOPS_constraint,True,,0.05,0.92272384305835,0.6483504442544658,0.6568627450980392,0.943661971830986,0.9017857142857144,0.0298872707719684,0.0474812677688252,0.0982142857142857,0.056338028169014,67,606,66,4,
transfer,Transfer learning,CAOPS_constraint_delta_0.075,0.3,0.9481280193236716,0.0324887040770253,0.6906718333590842,CAOPS_constraint,True,,0.075,0.92272384305835,0.6483504442544658,0.6568627450980392,0.943661971830986,0.9017857142857144,0.0298872707719684,0.0474812677688252,0.0982142857142857,0.056338028169014,67,606,66,4,
transfer,Transfer learning,CAOPS_constraint_delta_0.1,0.3,0.9481280193236716,0.0324887040770253,0.6906718333590842,CAOPS_constraint,True,,0.1,0.92272384305835,0.6483504442544658,0.6568627450980392,0.943661971830986,0.9017857142857144,0.0298872707719684,0.0474812677688252,0.0982142857142857,0.056338028169014,67,606,66,4,
hybrid_vit,Hybrid ViT,fixed_0p50,0.5,0.91256038647343,0.0340113446937862,0.6920023392867989,reference,,,,0.8713007209926225,0.6789816746969008,0.7088607594936709,0.7887323943661971,0.9538690476190476,0.0261031675232653,0.0455780022998754,0.0461309523809523,0.2112676056338028,56,641,31,15,
hybrid_vit,Hybrid ViT,Youden_J,0.28,0.9203502415458936,0.0439062609290917,0.6557455927684194,reference,,,,0.9001613849765258,0.6600228263444523,0.6813186813186813,0.8732394366197183,0.9270833333333334,0.0337080959121561,0.0455780022998754,0.0729166666666666,0.1267605633802817,62,623,49,9,
hybrid_vit,Hybrid ViT,max_F1,0.74,0.9095410628019324,0.0434060220643382,0.7388159896688318,reference,,,,0.8520602783366868,0.7041205566733736,0.7323943661971831,0.7323943661971831,0.9717261904761904,0.0329052349847027,0.0455780022998754,0.0282738095238095,0.2676056338028169,52,653,19,19,
hybrid_vit,Hybrid ViT,max_balanced_accuracy,0.28,0.9203502415458936,0.0439062609290917,0.6557455927684194,reference,,,,0.9001613849765258,0.6600228263444523,0.6813186813186813,0.8732394366197183,0.9270833333333334,0.0337080959121561,0.0455780022998754,0.0729166666666666,0.1267605633802817,62,623,49,9,
hybrid_vit,Hybrid ViT,max_MCC,0.74,0.9095410628019324,0.0434060220643382,0.7388159896688318,reference,,,,0.8520602783366868,0.7041205566733736,0.7323943661971831,0.7323943661971831,0.9717261904761904,0.0329052349847027,0.0455780022998754,0.0282738095238095,0.2676056338028169,52,653,19,19,
hybrid_vit,Hybrid ViT,CAOPS_penalty_lambda_0.0,0.28,0.9203502415458936,0.0439062609290917,0.6557455927684194,CAOPS_penalty,,0.0,,0.9001613849765258,0.6600228263444523,0.6813186813186813,0.8732394366197183,0.9270833333333334,0.0337080959121561,0.0455780022998754,0.0729166666666666,0.1267605633802817,62,623,49,9,0.9203502415458936
hybrid_vit,Hybrid ViT,CAOPS_penalty_lambda_0.1,0.28,0.9203502415458936,0.0439062609290917,0.6557455927684194,CAOPS_penalty,,0.1,,0.9001613849765258,0.6600228263444523,0.6813186813186813,0.8732394366197183,0.9270833333333334,0.0337080959121561,0.0455780022998754,0.0729166666666666,0.1267605633802817,62,623,49,9,0.9159596154529844
hybrid_vit,Hybrid ViT,CAOPS_penalty_lambda_0.25,0.28,0.9203502415458936,0.0439062609290917,0.6557455927684194,CAOPS_penalty,,0.25,,0.9001613849765258,0.6600228263444523,0.6813186813186813,0.8732394366197183,0.9270833333333334,0.0337080959121561,0.0455780022998754,0.0729166666666666,0.1267605633802817,62,623,49,9,0.9093736763136208
hybrid_vit,Hybrid ViT,CAOPS_penalty_lambda_0.5,0.28,0.9203502415458936,0.0439062609290917,0.6557455927684194,CAOPS_penalty,,0.5,,0.9001613849765258,0.6600228263444523,0.6813186813186813,0.8732394366197183,0.9270833333333334,0.0337080959121561,0.0455780022998754,0.0729166666666666,0.1267605633802817,62,623,49,9,0.8983971110813479
hybrid_vit,Hybrid ViT,CAOPS_penalty_lambda_1.0,0.5,0.91256038647343,0.0340113446937862,0.6920023392867989,CAOPS_penalty,,1.0,,0.8713007209926225,0.6789816746969008,0.7088607594936709,0.7887323943661971,0.9538690476190476,0.0261031675232653,0.0455780022998754,0.0461309523809523,0.2112676056338028,56,641,31,15,0.8785490417796438
hybrid_vit,Hybrid ViT,CAOPS_constraint_delta_0.025,0.47,0.9111111111111112,0.0340113446937862,0.6843209935112708,CAOPS_constraint,False,,0.025,0.8675804828973843,0.6561631586480624,0.6871165644171779,0.7887323943661971,0.9464285714285714,0.0326663994137525,0.0455780022998754,0.0535714285714285,0.2112676056338028,56,636,36,15,
hybrid_vit,Hybrid ViT,CAOPS_constraint_delta_0.05,0.28,0.9203502415458936,0.0439062609290917,0.6557455927684194,CAOPS_constraint,True,,0.05,0.9001613849765258,0.6600228263444523,0.6813186813186813,0.8732394366197183,0.9270833333333334,0.0337080959121561,0.0455780022998754,0.0729166666666666,0.1267605633802817,62,623,49,9,
hybrid_vit,Hybrid ViT,CAOPS_constraint_delta_0.075,0.28,0.9203502415458936,0.0439062609290917,0.6557455927684194,CAOPS_constraint,True,,0.075,0.9001613849765258,0.6600228263444523,0.6813186813186813,0.8732394366197183,0.9270833333333334,0.0337080959121561,0.0455780022998754,0.0729166666666666,0.1267605633802817,62,623,49,9,
hybrid_vit,Hybrid ViT,CAOPS_constraint_delta_0.1,0.28,0.9203502415458936,0.0439062609290917,0.6557455927684194,CAOPS_constraint,True,,0.1,0.9001613849765258,0.6600228263444523,0.6813186813186813,0.8732394366197183,0.9270833333333334,0.0337080959121561,0.0455780022998754,0.0729166666666666,0.1267605633802817,62,623,49,9,
focus_dnn,Focus-DNN,fixed_0p50,0.5,0.702415458937198,0.1706937520698769,0.3024746502072529,reference,,,,0.7247442991281019,0.3510267993528764,0.4141414141414141,0.5774647887323944,0.8720238095238095,0.158376401137375,0.1492870288174729,0.1279761904761904,0.4225352112676056,41,586,86,30,
focus_dnn,Focus-DNN,Youden_J,0.41,0.7780193236714976,0.1706937520698769,0.3275829831463271,reference,,,,0.7798667002012072,0.3317150777872612,0.3383838383838383,0.943661971830986,0.6160714285714286,0.1583764011373751,0.1492870288174729,0.3839285714285714,0.056338028169014,67,414,258,4,
focus_dnn,Focus-DNN,max_F1,0.79,0.694987922705314,0.2266155885058281,0.4268004154383579,reference,,,,0.7200913816230717,0.4749641889790027,0.5190839694656487,0.4788732394366197,0.9613095238095238,0.2182228445485335,0.1492870288174729,0.0386904761904761,0.5211267605633803,34,646,26,37,
focus_dnn,Focus-DNN,max_balanced_accuracy,0.41,0.7780193236714976,0.1706937520698769,0.3275829831463271,reference,,,,0.7798667002012072,0.3317150777872612,0.3383838383838383,0.943661971830986,0.6160714285714286,0.1583764011373751,0.1492870288174729,0.3839285714285714,0.056338028169014,67,414,258,4,
focus_dnn,Focus-DNN,max_MCC,0.82,0.6498792270531402,0.2690332692967155,0.4829883471102914,reference,,,,0.6363807847082495,0.4363658342659008,0.4123711340206186,0.2816901408450704,0.9910714285714286,0.2519803091101499,0.1492870288174729,0.0089285714285714,0.7183098591549296,20,666,6,51,
focus_dnn,Focus-DNN,CAOPS_penalty_lambda_0.0,0.41,0.7780193236714976,0.1706937520698769,0.3275829831463271,CAOPS_penalty,,0.0,,0.7798667002012072,0.3317150777872612,0.3383838383838383,0.943661971830986,0.6160714285714286,0.1583764011373751,0.1492870288174729,0.3839285714285714,0.056338028169014,67,414,258,4,0.7780193236714976
focus_dnn,Focus-DNN,CAOPS_penalty_lambda_0.1,0.41,0.7780193236714976,0.1706937520698769,0.3275829831463271,CAOPS_penalty,,0.1,,0.7798667002012072,0.3317150777872612,0.3383838383838383,0.943661971830986,0.6160714285714286,0.1583764011373751,0.1492870288174729,0.3839285714285714,0.056338028169014,67,414,258,4,0.7609499484645099
focus_dnn,Focus-DNN,CAOPS_penalty_lambda_0.25,0.41,0.7780193236714976,0.1706937520698769,0.3275829831463271,CAOPS_penalty,,0.25,,0.7798667002012072,0.3317150777872612,0.3383838383838383,0.943661971830986,0.6160714285714286,0.1583764011373751,0.1492870288174729,0.3839285714285714,0.056338028169014,67,414,258,4,0.7353458856540284
focus_dnn,Focus-DNN,CAOPS_penalty_lambda_0.5,0.41,0.7780193236714976,0.1706937520698769,0.3275829831463271,CAOPS_penalty,,0.5,,0.7798667002012072,0.3317150777872612,0.3383838383838383,0.943661971830986,0.6160714285714286,0.1583764011373751,0.1492870288174729,0.3839285714285714,0.056338028169014,67,414,258,4,0.6926724476365591
focus_dnn,Focus-DNN,CAOPS_penalty_lambda_1.0,0.41,0.7780193236714976,0.1706937520698769,0.3275829831463271,CAOPS_penalty,,1.0,,0.7798667002012072,0.3317150777872612,0.3383838383838383,0.943661971830986,0.6160714285714286,0.1583764011373751,0.1492870288174729,0.3839285714285714,0.056338028169014,67,414,258,4,0.6073255716016207
focus_dnn,Focus-DNN,CAOPS_constraint_delta_0.025,0.5,0.702415458937198,0.1706937520698769,0.3024746502072529,CAOPS_constraint,False,,0.025,0.7247442991281019,0.3510267993528764,0.4141414141414141,0.5774647887323944,0.8720238095238095,0.158376401137375,0.1492870288174729,0.1279761904761904,0.4225352112676056,41,586,86,30,
focus_dnn,Focus-DNN,CAOPS_constraint_delta_0.05,0.5,0.702415458937198,0.1706937520698769,0.3024746502072529,CAOPS_constraint,False,,0.05,0.7247442991281019,0.3510267993528764,0.4141414141414141,0.5774647887323944,0.8720238095238095,0.158376401137375,0.1492870288174729,0.1279761904761904,0.4225352112676056,41,586,86,30,
focus_dnn,Focus-DNN,CAOPS_constraint_delta_0.075,0.5,0.702415458937198,0.1706937520698769,0.3024746502072529,CAOPS_constraint,False,,0.075,0.7247442991281019,0.3510267993528764,0.4141414141414141,0.5774647887323944,0.8720238095238095,0.158376401137375,0.1492870288174729,0.1279761904761904,0.4225352112676056,41,586,86,30,
focus_dnn,Focus-DNN,CAOPS_constraint_delta_0.1,0.5,0.702415458937198,0.1706937520698769,0.3024746502072529,CAOPS_constraint,False,,0.1,0.7247442991281019,0.3510267993528764,0.4141414141414141,0.5774647887323944,0.8720238095238095,0.158376401137375,0.1492870288174729,0.1279761904761904,0.4225352112676056,41,586,86,30,
classical_ml,Classical ML,fixed_0p50,0.5,0.7702294685990339,0.167572799004237,0.5825451219480335,reference,,,,0.7523788564721663,0.6036479829464343,0.6218487394957983,0.5211267605633803,0.9836309523809524,0.1770073897977322,0.1146420287471685,0.0163690476190476,0.4788732394366197,37,661,11,34,
classical_ml,Classical ML,Youden_J,0.46,0.7757246376811595,0.167572799004237,0.5815387594160228,reference,,,,0.7523788564721663,0.6036479829464343,0.6218487394957983,0.5211267605633803,0.9836309523809524,0.1770073897977322,0.1146420287471685,0.0163690476190476,0.4788732394366197,37,661,11,34,
classical_ml,Classical ML,max_F1,0.71,0.7657608695652174,0.175872893980476,0.6527943672369048,reference,,,,0.7145896210596915,0.587613225715903,0.5794392523364487,0.4366197183098591,0.9925595238095238,0.1784798465170006,0.1146420287471685,0.0074404761904761,0.5633802816901409,31,667,5,40,
classical_ml,Classical ML,max_balanced_accuracy,0.46,0.7757246376811595,0.167572799004237,0.5815387594160228,reference,,,,0.7523788564721663,0.6036479829464343,0.6218487394957983,0.5211267605633803,0.9836309523809524,0.1770073897977322,0.1146420287471685,0.0163690476190476,0.4788732394366197,37,661,11,34,
classical_ml,Classical ML,max_MCC,0.71,0.7657608695652174,0.175872893980476,0.6527943672369048,reference,,,,0.7145896210596915,0.587613225715903,0.5794392523364487,0.4366197183098591,0.9925595238095238,0.1784798465170006,0.1146420287471685,0.0074404761904761,0.5633802816901409,31,667,5,40,
classical_ml,Classical ML,CAOPS_penalty_lambda_0.0,0.46,0.7757246376811595,0.167572799004237,0.5815387594160228,CAOPS_penalty,,0.0,,0.7523788564721663,0.6036479829464343,0.6218487394957983,0.5211267605633803,0.9836309523809524,0.1770073897977322,0.1146420287471685,0.0163690476190476,0.4788732394366197,37,661,11,34,0.7757246376811595
classical_ml,Classical ML,CAOPS_penalty_lambda_0.1,0.46,0.7757246376811595,0.167572799004237,0.5815387594160228,CAOPS_penalty,,0.1,,0.7523788564721663,0.6036479829464343,0.6218487394957983,0.5211267605633803,0.9836309523809524,0.1770073897977322,0.1146420287471685,0.0163690476190476,0.4788732394366197,37,661,11,34,0.7589673577807358
classical_ml,Classical ML,CAOPS_penalty_lambda_0.25,0.46,0.7757246376811595,0.167572799004237,0.5815387594160228,CAOPS_penalty,,0.25,,0.7523788564721663,0.6036479829464343,0.6218487394957983,0.5211267605633803,0.9836309523809524,0.1770073897977322,0.1146420287471685,0.0163690476190476,0.4788732394366197,37,661,11,34,0.7338314379301003
classical_ml,Classical ML,CAOPS_penalty_lambda_0.5,0.46,0.7757246376811595,0.167572799004237,0.5815387594160228,CAOPS_penalty,,0.5,,0.7523788564721663,0.6036479829464343,0.6218487394957983,0.5211267605633803,0.9836309523809524,0.1770073897977322,0.1146420287471685,0.0163690476190476,0.4788732394366197,37,661,11,34,0.691938238179041
classical_ml,Classical ML,CAOPS_penalty_lambda_1.0,0.46,0.7757246376811595,0.167572799004237,0.5815387594160228,CAOPS_penalty,,1.0,,0.7523788564721663,0.6036479829464343,0.6218487394957983,0.5211267605633803,0.9836309523809524,0.1770073897977322,0.1146420287471685,0.0163690476190476,0.4788732394366197,37,661,11,34,0.6081518386769225
classical_ml,Classical ML,CAOPS_constraint_delta_0.025,0.48,0.7695048309178744,0.167572799004237,0.576690077310291,CAOPS_constraint,False,,0.025,0.7523788564721663,0.6036479829464343,0.6218487394957983,0.5211267605633803,0.9836309523809524,0.1770073897977322,0.1146420287471685,0.0163690476190476,0.4788732394366197,37,661,11,34,
classical_ml,Classical ML,CAOPS_constraint_delta_0.05,0.48,0.7695048309178744,0.167572799004237,0.576690077310291,CAOPS_constraint,False,,0.05,0.7523788564721663,0.6036479829464343,0.6218487394957983,0.5211267605633803,0.9836309523809524,0.1770073897977322,0.1146420287471685,0.0163690476190476,0.4788732394366197,37,661,11,34,
classical_ml,Classical ML,CAOPS_constraint_delta_0.075,0.48,0.7695048309178744,0.167572799004237,0.576690077310291,CAOPS_constraint,False,,0.075,0.7523788564721663,0.6036479829464343,0.6218487394957983,0.5211267605633803,0.9836309523809524,0.1770073897977322,0.1146420287471685,0.0163690476190476,0.4788732394366197,37,661,11,34,
classical_ml,Classical ML,CAOPS_constraint_delta_0.1,0.48,0.7695048309178744,0.167572799004237,0.576690077310291,CAOPS_constraint,False,,0.1,0.7523788564721663,0.6036479829464343,0.6218487394957983,0.5211267605633803,0.9836309523809524,0.1770073897977322,0.1146420287471685,0.0163690476190476,0.4788732394366197,37,661,11,34,
threshold_baselines,Threshold baselines,fixed_0p50,0.5,0.6952898550724638,0.1390580584373315,0.2716204081071392,reference,,,,0.718791918175721,0.3336233266216543,0.3980582524271844,0.5774647887323944,0.8601190476190477,0.1154182355845921,0.1500253314290919,0.1398809523809523,0.4225352112676056,41,578,94,30,
threshold_baselines,Threshold baselines,Youden_J,0.64,0.7184782608695652,0.1671552989898332,0.3273525106212383,reference,,,,0.7273746646545942,0.3722857230883504,0.4347826086956522,0.5633802816901409,0.8913690476190477,0.1465166963506515,0.1500253314290919,0.1086309523809523,0.4366197183098591,40,599,73,31,
threshold_baselines,Threshold baselines,max_F1,0.82,0.7095410628019323,0.2041322069689925,0.3449279294760226,reference,,,,0.7040681589537223,0.3642794271967647,0.4294478527607362,0.4929577464788732,0.9151785714285714,0.1688446717319225,0.1500253314290919,0.0848214285714285,0.5070422535211268,35,615,57,36,
threshold_baselines,Threshold baselines,max_balanced_accuracy,0.64,0.7184782608695652,0.1671552989898332,0.3273525106212383,reference,,,,0.7273746646545942,0.3722857230883504,0.4347826086956522,0.5633802816901409,0.8913690476190477,0.1465166963506515,0.1500253314290919,0.1086309523809523,0.4366197183098591,40,599,73,31,
threshold_baselines,Threshold baselines,max_MCC,0.82,0.7095410628019323,0.2041322069689925,0.3449279294760226,reference,,,,0.7040681589537223,0.3642794271967647,0.4294478527607362,0.4929577464788732,0.9151785714285714,0.1688446717319225,0.1500253314290919,0.0848214285714285,0.5070422535211268,35,615,57,36,
threshold_baselines,Threshold baselines,CAOPS_penalty_lambda_0.0,0.64,0.7184782608695652,0.1671552989898332,0.3273525106212383,CAOPS_penalty,,0.0,,0.7273746646545942,0.3722857230883504,0.4347826086956522,0.5633802816901409,0.8913690476190477,0.1465166963506515,0.1500253314290919,0.1086309523809523,0.4366197183098591,40,599,73,31,0.7184782608695652
threshold_baselines,Threshold baselines,CAOPS_penalty_lambda_0.1,0.64,0.7184782608695652,0.1671552989898332,0.3273525106212383,CAOPS_penalty,,0.1,,0.7273746646545942,0.3722857230883504,0.4347826086956522,0.5633802816901409,0.8913690476190477,0.1465166963506515,0.1500253314290919,0.1086309523809523,0.4366197183098591,40,599,73,31,0.701762730970582
threshold_baselines,Threshold baselines,CAOPS_penalty_lambda_0.25,0.64,0.7184782608695652,0.1671552989898332,0.3273525106212383,CAOPS_penalty,,0.25,,0.7273746646545942,0.3722857230883504,0.4347826086956522,0.5633802816901409,0.8913690476190477,0.1465166963506515,0.1500253314290919,0.1086309523809523,0.4366197183098591,40,599,73,31,0.676689436122107
threshold_baselines,Threshold baselines,CAOPS_penalty_lambda_0.5,0.61,0.7148550724637681,0.1590296878122536,0.3177249772536008,CAOPS_penalty,,0.5,,0.7236544265593561,0.359782713017969,0.4232804232804232,0.5633802816901409,0.8839285714285714,0.1381110048290056,0.1500253314290919,0.1160714285714285,0.4366197183098591,40,594,78,31,0.6353402285576413
threshold_baselines,Threshold baselines,CAOPS_penalty_lambda_1.0,0.55,0.7047101449275363,0.1397689438713446,0.2927028981420985,CAOPS_penalty,,1.0,,0.7240002515090543,0.3487785515895922,0.4120603015075377,0.5774647887323944,0.8705357142857143,0.1252276041365728,0.1500253314290919,0.1294642857142857,0.4225352112676056,41,585,87,30,0.5649412010561916
threshold_baselines,Threshold baselines,CAOPS_constraint_delta_0.025,0.49,0.6952898550724638,0.1390580584373315,0.2716204081071392,CAOPS_constraint,False,,0.025,0.7173038229376257,0.3294690150992169,0.3942307692307692,0.5774647887323944,0.8571428571428571,0.1154182355845921,0.1500253314290919,0.1428571428571428,0.4225352112676056,41,576,96,30,
threshold_baselines,Threshold baselines,CAOPS_constraint_delta_0.05,0.49,0.6952898550724638,0.1390580584373315,0.2716204081071392,CAOPS_constraint,False,,0.05,0.7173038229376257,0.3294690150992169,0.3942307692307692,0.5774647887323944,0.8571428571428571,0.1154182355845921,0.1500253314290919,0.1428571428571428,0.4225352112676056,41,576,96,30,
threshold_baselines,Threshold baselines,CAOPS_constraint_delta_0.075,0.49,0.6952898550724638,0.1390580584373315,0.2716204081071392,CAOPS_constraint,False,,0.075,0.7173038229376257,0.3294690150992169,0.3942307692307692,0.5774647887323944,0.8571428571428571,0.1154182355845921,0.1500253314290919,0.1428571428571428,0.4225352112676056,41,576,96,30,
threshold_baselines,Threshold baselines,CAOPS_constraint_delta_0.1,0.49,0.6952898550724638,0.1390580584373315,0.2716204081071392,CAOPS_constraint,False,,0.1,0.7173038229376257,0.3294690150992169,0.3942307692307692,0.5774647887323944,0.8571428571428571,0.1154182355845921,0.1500253314290919,0.1428571428571428,0.4225352112676056,41,576,96,30,
vit,ViT,fixed_0p50,0.5,0.6809178743961353,0.2313029136711284,0.3295336209008667,reference,,,,0.6537349094567404,0.3452556060301749,0.3968253968253968,0.352112676056338,0.9553571428571428,0.2062075473415172,0.1448427771691124,0.0446428571428571,0.647887323943662,25,642,30,46,
vit,ViT,Youden_J,0.45,0.7056159420289855,0.2313029136711284,0.3207604860474742,reference,,,,0.6514503688799463,0.2888793888826633,0.36,0.380281690140845,0.9226190476190476,0.2062075473415172,0.1448427771691124,0.0773809523809523,0.6197183098591549,27,620,52,44,
vit,ViT,max_F1,0.48,0.6988526570048309,0.2313029136711284,0.3505738002173281,reference,,,,0.6500146713615023,0.3237364234470252,0.381679389312977,0.352112676056338,0.9479166666666666,0.2062075473415172,0.1448427771691124,0.0520833333333333,0.647887323943662,25,637,35,46,
vit,ViT,max_balanced_accuracy,0.45,0.7056159420289855,0.2313029136711284,0.3207604860474742,reference,,,,0.6514503688799463,0.2888793888826633,0.36,0.380281690140845,0.9226190476190476,0.2062075473415172,0.1448427771691124,0.0773809523809523,0.6197183098591549,27,620,52,44,
vit,ViT,max_MCC,0.62,0.6819444444444445,0.2462777893840863,0.3531579117518386,reference,,,,0.6397028001341382,0.4046123438377556,0.4077669902912621,0.2957746478873239,0.9836309523809524,0.2300072236141392,0.1448427771691124,0.0163690476190476,0.704225352112676,21,661,11,50,
vit,ViT,CAOPS_penalty_lambda_0.0,0.45,0.7056159420289855,0.2313029136711284,0.3207604860474742,CAOPS_penalty,,0.0,,0.6514503688799463,0.2888793888826633,0.36,0.380281690140845,0.9226190476190476,0.2062075473415172,0.1448427771691124,0.0773809523809523,0.6197183098591549,27,620,52,44,0.7056159420289855
vit,ViT,CAOPS_penalty_lambda_0.1,0.45,0.7056159420289855,0.2313029136711284,0.3207604860474742,CAOPS_penalty,,0.1,,0.6514503688799463,0.2888793888826633,0.36,0.380281690140845,0.9226190476190476,0.2062075473415172,0.1448427771691124,0.0773809523809523,0.6197183098591549,27,620,52,44,0.6824856506618726
vit,ViT,CAOPS_penalty_lambda_0.25,0.45,0.7056159420289855,0.2313029136711284,0.3207604860474742,CAOPS_penalty,,0.25,,0.6514503688799463,0.2888793888826633,0.36,0.380281690140845,0.9226190476190476,0.2062075473415172,0.1448427771691124,0.0773809523809523,0.6197183098591549,27,620,52,44,0.6477902136112034
vit,ViT,CAOPS_penalty_lambda_0.5,0.45,0.7056159420289855,0.2313029136711284,0.3207604860474742,CAOPS_penalty,,0.5,,0.6514503688799463,0.2888793888826633,0.36,0.380281690140845,0.9226190476190476,0.2062075473415172,0.1448427771691124,0.0773809523809523,0.6197183098591549,27,620,52,44,0.5899644851934213
vit,ViT,CAOPS_penalty_lambda_1.0,0.45,0.7056159420289855,0.2313029136711284,0.3207604860474742,CAOPS_penalty,,1.0,,0.6514503688799463,0.2888793888826633,0.36,0.380281690140845,0.9226190476190476,0.2062075473415172,0.1448427771691124,0.0773809523809523,0.6197183098591549,27,620,52,44,0.474313028357857
vit,ViT,CAOPS_constraint_delta_0.025,0.43,0.683756038647343,0.2313029136711283,0.2257154451655845,CAOPS_constraint,False,,0.025,0.63808895036888,0.1750006599576755,0.2631578947368421,0.5633802816901409,0.7127976190476191,0.2062075473415172,0.1448427771691124,0.2872023809523809,0.4366197183098591,40,479,193,31,
vit,ViT,CAOPS_constraint_delta_0.05,0.43,0.683756038647343,0.2313029136711283,0.2257154451655845,CAOPS_constraint,False,,0.05,0.63808895036888,0.1750006599576755,0.2631578947368421,0.5633802816901409,0.7127976190476191,0.2062075473415172,0.1448427771691124,0.2872023809523809,0.4366197183098591,40,479,193,31,
vit,ViT,CAOPS_constraint_delta_0.075,0.43,0.683756038647343,0.2313029136711283,0.2257154451655845,CAOPS_constraint,False,,0.075,0.63808895036888,0.1750006599576755,0.2631578947368421,0.5633802816901409,0.7127976190476191,0.2062075473415172,0.1448427771691124,0.2872023809523809,0.4366197183098591,40,479,193,31,
vit,ViT,CAOPS_constraint_delta_0.1,0.43,0.683756038647343,0.2313029136711283,0.2257154451655845,CAOPS_constraint,False,,0.1,0.63808895036888,0.1750006599576755,0.2631578947368421,0.5633802816901409,0.7127976190476191,0.2062075473415172,0.1448427771691124,0.2872023809523809,0.4366197183098591,40,479,193,31,
