model_code_name,model_display_name,metric,estimate,ci_low,ci_high,bootstrap_iterations
cnn,CNN,balanced_accuracy,0.9643905097250167,0.9368726557287191,0.9882051136349262,2000
cnn,CNN,MCC,0.8958693227541976,0.8387634682300869,0.9460460962111282,2000
cnn,CNN,AUC,0.9935446009389671,0.9860886141623847,0.9984668310128608,2000
cnn,CNN,recall,0.9436619718309859,0.8904067824924825,0.9873417721518988,2000
cnn,CNN,specificity,0.9851190476190477,0.9748502054325496,0.9940029985007496,2000
cnn,CNN,F1,0.9054054054054054,0.8520655270655271,0.9508254041040927,2000
cnn,CNN,ECE,0.013730788714338069,0.0092597034265181,0.02454556677302292,2000
cnn,CNN,Brier score,0.015054746200470428,0.008227011696811554,0.023143891874377754,2000
cnn_attention,Attention-CNN,balanced_accuracy,0.9706363179074446,0.9528547995340858,0.9833843123584548,2000
cnn_attention,Attention-CNN,MCC,0.810818702607675,0.7436742906666282,0.8686306081923896,2000
cnn_attention,Attention-CNN,AUC,0.9958501006036217,0.9920001561209147,0.998568061432233,2000
cnn_attention,Attention-CNN,recall,0.9859154929577465,0.9523617511520737,1.0,2000
cnn_attention,Attention-CNN,specificity,0.9553571428571429,0.938896354915755,0.9701492537313433,2000
cnn_attention,Attention-CNN,F1,0.8187134502923976,0.745550527903469,0.8765508118956395,2000
cnn_attention,Attention-CNN,ECE,0.06443149128432733,0.05301329835093191,0.07705360711290384,2000
cnn_attention,Attention-CNN,Brier score,0.0325594526791175,0.024172533372321742,0.04222840424814291,2000
cnn_focus_hybrid,CNN--focus hybrid,balanced_accuracy,0.9302691146881288,0.8917306889938197,0.9652038902590772,2000
cnn_focus_hybrid,CNN--focus hybrid,MCC,0.811731641744908,0.7352134966230698,0.8760738305701302,2000
cnn_focus_hybrid,CNN--focus hybrid,AUC,0.97761569416499,0.9529075800564569,0.9925485965475904,2000
cnn_focus_hybrid,CNN--focus hybrid,recall,0.8873239436619719,0.8101115129596143,0.9545624151967435,2000
cnn_focus_hybrid,CNN--focus hybrid,specificity,0.9732142857142857,0.9597014925373134,0.9849397590361446,2000
cnn_focus_hybrid,CNN--focus hybrid,F1,0.8289473684210527,0.7552447552447553,0.887505013368984,2000
cnn_focus_hybrid,CNN--focus hybrid,ECE,0.047279219106123115,0.04067027554105836,0.061708709775679424,2000
cnn_focus_hybrid,CNN--focus hybrid,Brier score,0.031090880340646387,0.023522080884342024,0.039809978670678266,2000
transfer,Transfer learning,balanced_accuracy,0.9131560194500336,0.8741341440422323,0.9478253874689808,2000
transfer,Transfer learning,MCC,0.7001495151252212,0.6221700254371545,0.772951713284554,2000
transfer,Transfer learning,AUC,0.9748490945674044,0.9593304738345416,0.986942236972612,2000
transfer,Transfer learning,recall,0.8873239436619719,0.8088235294117647,0.9565217391304348,2000
transfer,Transfer learning,specificity,0.9389880952380952,0.9198783294606285,0.9564580885233059,2000
transfer,Transfer learning,F1,0.72,0.6387208150558935,0.7909604519774012,2000
transfer,Transfer learning,ECE,0.0643030730272614,0.05019406883580434,0.07968167428780418,2000
transfer,Transfer learning,Brier score,0.04748126776882521,0.037203765015631954,0.058350610004446364,2000
hybrid_vit,Hybrid ViT,balanced_accuracy,0.8713007209926225,0.8233523659331262,0.9176524151440916,2000
hybrid_vit,Hybrid ViT,MCC,0.6789816746969008,0.5898289406579388,0.7585235578761709,2000
hybrid_vit,Hybrid ViT,AUC,0.9621688464118041,0.9375652727658671,0.9813957808476468,2000
hybrid_vit,Hybrid ViT,recall,0.7887323943661971,0.6923076923076923,0.8840579710144928,2000
hybrid_vit,Hybrid ViT,specificity,0.9538690476190477,0.9376854599406528,0.9690276890794635,2000
hybrid_vit,Hybrid ViT,F1,0.7088607594936709,0.6225091979396615,0.7817340231680333,2000
hybrid_vit,Hybrid ViT,ECE,0.036793222438418836,0.027363211081116133,0.05383087061086214,2000
hybrid_vit,Hybrid ViT,Brier score,0.04557800229987542,0.03397082529535282,0.057985021506141356,2000
focus_dnn,Focus-DNN,balanced_accuracy,0.7247442991281019,0.6656059873506353,0.7826266114420012,2000
focus_dnn,Focus-DNN,MCC,0.35102679935287645,0.25566969710320653,0.44290806765438506,2000
focus_dnn,Focus-DNN,AUC,0.9079896042924213,0.8729457310991822,0.938550166350536,2000
focus_dnn,Focus-DNN,recall,0.5774647887323944,0.46265786452353624,0.6911764705882353,2000
focus_dnn,Focus-DNN,specificity,0.8720238095238095,0.845925925925926,0.8968609865470852,2000
focus_dnn,Focus-DNN,F1,0.41414141414141414,0.3225716845878136,0.4974644051009038,2000
focus_dnn,Focus-DNN,ECE,0.2582398968100708,0.23880382982517617,0.278726542237043,2000
focus_dnn,Focus-DNN,Brier score,0.14928702881747297,0.1382667562297745,0.1610036936346203,2000
classical_ml,Classical ML,balanced_accuracy,0.7523788564721663,0.6947923143259189,0.8108165939428469,2000
classical_ml,Classical ML,MCC,0.6036479829464343,0.4943906153709976,0.7037003121752864,2000
classical_ml,Classical ML,AUC,0.8568494299128102,0.8149082361592606,0.8947914257211134,2000
classical_ml,Classical ML,recall,0.5211267605633803,0.4062386775362319,0.6388888888888888,2000
classical_ml,Classical ML,specificity,0.9836309523809523,0.9731343283582089,0.992548435171386,2000
classical_ml,Classical ML,F1,0.6218487394957983,0.5154639175257733,0.7179611650485437,2000
classical_ml,Classical ML,ECE,0.18296410197622107,0.16785805302756718,0.20657254169502387,2000
classical_ml,Classical ML,Brier score,0.11464202874716851,0.10542022273565196,0.12431360025645848,2000
threshold_baselines,Threshold baselines,balanced_accuracy,0.718791918175721,0.6595412410048528,0.7768356394642767,2000
threshold_baselines,Threshold baselines,MCC,0.3336233266216543,0.24054094369495735,0.42618740419843,2000
threshold_baselines,Threshold baselines,AUC,0.6903294768611671,0.6188388637213245,0.763283463654546,2000
threshold_baselines,Threshold baselines,recall,0.5774647887323944,0.46153846153846156,0.6911810094408133,2000
threshold_baselines,Threshold baselines,specificity,0.8601190476190477,0.8333333333333334,0.8860579140902921,2000
threshold_baselines,Threshold baselines,F1,0.39805825242718446,0.3108628189853426,0.48182629870129867,2000
threshold_baselines,Threshold baselines,ECE,0.18314409106568724,0.15913240730180878,0.20676401235428943,2000
threshold_baselines,Threshold baselines,Brier score,0.1500253314290919,0.12857108863363492,0.17189021454520043,2000
vit,ViT,balanced_accuracy,0.6537349094567404,0.5983108538817444,0.7108895114183398,2000
vit,ViT,MCC,0.3452556060301749,0.22653564795380893,0.46060739995757094,2000
vit,ViT,AUC,0.7398977196512408,0.6775596479726642,0.7964407769051156,2000
vit,ViT,recall,0.352112676056338,0.24284632034632037,0.46250466417910446,2000
vit,ViT,specificity,0.9553571428571429,0.9387990892613395,0.9702823179791976,2000
vit,ViT,F1,0.3968253968253968,0.28069355632070825,0.5031534503232616,2000
vit,ViT,ECE,0.23534802713401332,0.21494898682711347,0.2568046148979383,2000
vit,ViT,Brier score,0.14484277716911242,0.13470352499433225,0.15512099028546214,2000
