model_code_name,seed,status,action,train_allowed,job_marker
cnn,11,complete,skip_complete,True,D:\Dineth\focus_binary_benchmark\focus_binary_benchmark\revision_outputs\multiseed\job_status\multiseed_cnn_seed_11.json
cnn,22,complete,skip_complete,True,D:\Dineth\focus_binary_benchmark\focus_binary_benchmark\revision_outputs\multiseed\job_status\multiseed_cnn_seed_22.json
cnn,33,complete,skip_complete,True,D:\Dineth\focus_binary_benchmark\focus_binary_benchmark\revision_outputs\multiseed\job_status\multiseed_cnn_seed_33.json
cnn,44,complete,skip_complete,True,D:\Dineth\focus_binary_benchmark\focus_binary_benchmark\revision_outputs\multiseed\job_status\multiseed_cnn_seed_44.json
cnn,55,complete,skip_complete,True,D:\Dineth\focus_binary_benchmark\focus_binary_benchmark\revision_outputs\multiseed\job_status\multiseed_cnn_seed_55.json
cnn_attention,11,complete,skip_complete,True,D:\Dineth\focus_binary_benchmark\focus_binary_benchmark\revision_outputs\multiseed\job_status\multiseed_cnn_attention_seed_11.json
cnn_attention,22,complete,skip_complete,True,D:\Dineth\focus_binary_benchmark\focus_binary_benchmark\revision_outputs\multiseed\job_status\multiseed_cnn_attention_seed_22.json
cnn_attention,33,complete,skip_complete,True,D:\Dineth\focus_binary_benchmark\focus_binary_benchmark\revision_outputs\multiseed\job_status\multiseed_cnn_attention_seed_33.json
cnn_attention,44,complete,skip_complete,True,D:\Dineth\focus_binary_benchmark\focus_binary_benchmark\revision_outputs\multiseed\job_status\multiseed_cnn_attention_seed_44.json
cnn_attention,55,complete,skip_complete,True,D:\Dineth\focus_binary_benchmark\focus_binary_benchmark\revision_outputs\multiseed\job_status\multiseed_cnn_attention_seed_55.json
cnn_focus_hybrid,11,complete,skip_complete,True,D:\Dineth\focus_binary_benchmark\focus_binary_benchmark\revision_outputs\multiseed\job_status\multiseed_cnn_focus_hybrid_seed_11.json
cnn_focus_hybrid,22,complete,skip_complete,True,D:\Dineth\focus_binary_benchmark\focus_binary_benchmark\revision_outputs\multiseed\job_status\multiseed_cnn_focus_hybrid_seed_22.json
cnn_focus_hybrid,33,complete,skip_complete,True,D:\Dineth\focus_binary_benchmark\focus_binary_benchmark\revision_outputs\multiseed\job_status\multiseed_cnn_focus_hybrid_seed_33.json
cnn_focus_hybrid,44,complete,skip_complete,True,D:\Dineth\focus_binary_benchmark\focus_binary_benchmark\revision_outputs\multiseed\job_status\multiseed_cnn_focus_hybrid_seed_44.json
cnn_focus_hybrid,55,complete,skip_complete,True,D:\Dineth\focus_binary_benchmark\focus_binary_benchmark\revision_outputs\multiseed\job_status\multiseed_cnn_focus_hybrid_seed_55.json
transfer,11,complete,skip_complete,True,D:\Dineth\focus_binary_benchmark\focus_binary_benchmark\revision_outputs\multiseed\job_status\multiseed_transfer_seed_11.json
transfer,22,complete,skip_complete,True,D:\Dineth\focus_binary_benchmark\focus_binary_benchmark\revision_outputs\multiseed\job_status\multiseed_transfer_seed_22.json
transfer,33,complete,skip_complete,True,D:\Dineth\focus_binary_benchmark\focus_binary_benchmark\revision_outputs\multiseed\job_status\multiseed_transfer_seed_33.json
transfer,44,complete,skip_complete,True,D:\Dineth\focus_binary_benchmark\focus_binary_benchmark\revision_outputs\multiseed\job_status\multiseed_transfer_seed_44.json
transfer,55,complete,skip_complete,True,D:\Dineth\focus_binary_benchmark\focus_binary_benchmark\revision_outputs\multiseed\job_status\multiseed_transfer_seed_55.json
hybrid_vit,11,complete,skip_complete,True,D:\Dineth\focus_binary_benchmark\focus_binary_benchmark\revision_outputs\multiseed\job_status\multiseed_hybrid_vit_seed_11.json
hybrid_vit,22,complete,skip_complete,True,D:\Dineth\focus_binary_benchmark\focus_binary_benchmark\revision_outputs\multiseed\job_status\multiseed_hybrid_vit_seed_22.json
hybrid_vit,33,complete,skip_complete,True,D:\Dineth\focus_binary_benchmark\focus_binary_benchmark\revision_outputs\multiseed\job_status\multiseed_hybrid_vit_seed_33.json
hybrid_vit,44,complete,skip_complete,True,D:\Dineth\focus_binary_benchmark\focus_binary_benchmark\revision_outputs\multiseed\job_status\multiseed_hybrid_vit_seed_44.json
hybrid_vit,55,complete,skip_complete,True,D:\Dineth\focus_binary_benchmark\focus_binary_benchmark\revision_outputs\multiseed\job_status\multiseed_hybrid_vit_seed_55.json
focus_dnn,11,complete,skip_complete,True,D:\Dineth\focus_binary_benchmark\focus_binary_benchmark\revision_outputs\multiseed\job_status\multiseed_focus_dnn_seed_11.json
focus_dnn,22,complete,skip_complete,True,D:\Dineth\focus_binary_benchmark\focus_binary_benchmark\revision_outputs\multiseed\job_status\multiseed_focus_dnn_seed_22.json
focus_dnn,33,complete,skip_complete,True,D:\Dineth\focus_binary_benchmark\focus_binary_benchmark\revision_outputs\multiseed\job_status\multiseed_focus_dnn_seed_33.json
focus_dnn,44,complete,skip_complete,True,D:\Dineth\focus_binary_benchmark\focus_binary_benchmark\revision_outputs\multiseed\job_status\multiseed_focus_dnn_seed_44.json
focus_dnn,55,complete,skip_complete,True,D:\Dineth\focus_binary_benchmark\focus_binary_benchmark\revision_outputs\multiseed\job_status\multiseed_focus_dnn_seed_55.json
vit,11,complete,skip_complete,True,D:\Dineth\focus_binary_benchmark\focus_binary_benchmark\revision_outputs\multiseed\job_status\multiseed_vit_seed_11.json
vit,22,complete,skip_complete,True,D:\Dineth\focus_binary_benchmark\focus_binary_benchmark\revision_outputs\multiseed\job_status\multiseed_vit_seed_22.json
vit,33,complete,skip_complete,True,D:\Dineth\focus_binary_benchmark\focus_binary_benchmark\revision_outputs\multiseed\job_status\multiseed_vit_seed_33.json
vit,44,complete,skip_complete,True,D:\Dineth\focus_binary_benchmark\focus_binary_benchmark\revision_outputs\multiseed\job_status\multiseed_vit_seed_44.json
vit,55,complete,skip_complete,True,D:\Dineth\focus_binary_benchmark\focus_binary_benchmark\revision_outputs\multiseed\job_status\multiseed_vit_seed_55.json
classical_ml,11,unsupported_optional_model,unsupported_by_multiseed_eval,True,D:\Dineth\focus_binary_benchmark\focus_binary_benchmark\revision_outputs\multiseed\job_status\multiseed_classical_ml_seed_11.json
classical_ml,22,unsupported_optional_model,unsupported_by_multiseed_eval,True,D:\Dineth\focus_binary_benchmark\focus_binary_benchmark\revision_outputs\multiseed\job_status\multiseed_classical_ml_seed_22.json
classical_ml,33,unsupported_optional_model,unsupported_by_multiseed_eval,True,D:\Dineth\focus_binary_benchmark\focus_binary_benchmark\revision_outputs\multiseed\job_status\multiseed_classical_ml_seed_33.json
classical_ml,44,unsupported_optional_model,unsupported_by_multiseed_eval,True,D:\Dineth\focus_binary_benchmark\focus_binary_benchmark\revision_outputs\multiseed\job_status\multiseed_classical_ml_seed_44.json
classical_ml,55,unsupported_optional_model,unsupported_by_multiseed_eval,True,D:\Dineth\focus_binary_benchmark\focus_binary_benchmark\revision_outputs\multiseed\job_status\multiseed_classical_ml_seed_55.json
threshold_baselines,11,unsupported_optional_model,unsupported_by_multiseed_eval,True,D:\Dineth\focus_binary_benchmark\focus_binary_benchmark\revision_outputs\multiseed\job_status\multiseed_threshold_baselines_seed_11.json
threshold_baselines,22,unsupported_optional_model,unsupported_by_multiseed_eval,True,D:\Dineth\focus_binary_benchmark\focus_binary_benchmark\revision_outputs\multiseed\job_status\multiseed_threshold_baselines_seed_22.json
threshold_baselines,33,unsupported_optional_model,unsupported_by_multiseed_eval,True,D:\Dineth\focus_binary_benchmark\focus_binary_benchmark\revision_outputs\multiseed\job_status\multiseed_threshold_baselines_seed_33.json
threshold_baselines,44,unsupported_optional_model,unsupported_by_multiseed_eval,True,D:\Dineth\focus_binary_benchmark\focus_binary_benchmark\revision_outputs\multiseed\job_status\multiseed_threshold_baselines_seed_44.json
threshold_baselines,55,unsupported_optional_model,unsupported_by_multiseed_eval,True,D:\Dineth\focus_binary_benchmark\focus_binary_benchmark\revision_outputs\multiseed\job_status\multiseed_threshold_baselines_seed_55.json
